,OfferId,OfferName1,OfferName2,Unnamed: 3,image url construction,Image URL,Offer Type,Offer Category,OfferName3,OfferContent,Offer Channel,miles,Exclusion Category,Benefit Type,Point Type,Program Code,Program Name,Program Tier,Program Point Type,Product Category,Product Code,Product Name,Season,Month,Week Day,Holiday,Week End,Birth Day,Wedding Anniversary ,Duration,Start Date,End Date,Partner Category,Partner Code,Partner Name,Partner Type,Targeted Age,Targeted Nationality,Targeted Preference Group,Targeted Gender,Targeted Type,Targeted Tier,Targeted Channel,Targeted Marital Status
0,O0099,Wherever Family. 15% off at THEWORKS for Family entries,Wherever Family,https://jeswinkv.github.io/per_frame/temp/Discounts,https://jeswinkv.github.io/per_frame/temp/Discounts/O0099.PNG,https://jeswinkv.github.io/per_frame/temp/Discounts/O0099.PNG,,Discounts,15% off at THEWORKS for Family entries,15% off at THEWORKS for Family entries,web,300.0,not for below 18 years,Discounts,Kids Offers,KC,Kids Club,Gold,,,OCK,Oryx Cards Kids Club,All,,,,,Birthday,,,2019-10-01,2019-12-31,Non Air,ORX,Oryx,Credit Card,12 -20,US,Kids,All,,Gold,Web,Single
1,O0002,,"40,00 Bonus miles  with AmEx Sapphire Card",https://jeswinkv.github.io/per_frame/temp/Discounts,https://jeswinkv.github.io/per_frame/temp/Discounts/O0002.PNG,https://jeswinkv.github.io/per_frame/temp/Discounts/O0002.PNG,Accruals ,Promotions,,"40,00 Bonus miles [Highest EVER Bonus]  with AmEx Sapphire Card",Web,4000.0,,miles,Promotional Status Credits,PSC,miles Related Promotions,Sapphire,,,CCP-S,Credit Card Offer,Summer 2020,May,,,,,,,2019-06-01,2019-08-31,Non Air,AMEX,American Express,Credit Card,30 - 40,US,Individuals,All,,Sapphire,Credit Card,Both
2,O0003,," 60,00 Rewards miles  with AmEx Platinum Card",https://jeswinkv.github.io/per_frame/temp/Discounts,https://jeswinkv.github.io/per_frame/temp/Discounts/O0003.PNG,https://jeswinkv.github.io/per_frame/temp/Discounts/O0003.PNG,Accruals ,Promotions,,"Earn 60,000 Membership Rewards miles  with AmEx Platinum Card",Web,6000.0,,miles,Promotional Status Credits,PSC,miles Related Promotions,Platinum,,,CCP-P,Credit Card Offer,Summer 2021,May,,,,,,,2019-06-01,2019-08-31,Non Air,AMEX,American Express,Credit Card,All,US,Individuals,All,,Platinum,Credit Card,All
3,O0004,,"35,00  Rewards miles with AmEx Gold Card",https://jeswinkv.github.io/per_frame/temp/Discounts,https://jeswinkv.github.io/per_frame/temp/Discounts/O0004.PNG,https://jeswinkv.github.io/per_frame/temp/Discounts/O0004.PNG,Accruals ,Promotions,,"Earn 35,00 Membership Rewards miles with AmEx Gold Card",Web,3500.0,,miles,Promotional Status Credits,PSC,miles Related Promotions,Platinum,,,CCP-G,Credit Card Offer,Summer 2022,May,,,,,,,2019-06-01,2019-08-31,Non Air,AMEX,American Express,Credit Card,All,US,Individuals,All,,Gold,Credit Card,All
4,O0021,Walmart 25. Get 25% Discount on spending 100 USD,Walmart 25,https://jeswinkv.github.io/per_frame/temp/Discounts,https://jeswinkv.github.io/per_frame/temp/Discounts/O0021.PNG,https://jeswinkv.github.io/per_frame/temp/Discounts/O0021.PNG,,Discounts,Get 25% Discount on spending 100 USD,Get 25% Discount on spending 100 USD,Web,100.0,,Discounts,,FFP,Frequent Flyer Program,Gold,,,,Walmart discounts,,,,,,,,,2019-07-01,2019-12-31,Non Air,TC,Walmart Corp,Retail,All,US,Individuals,All,,Gold,web,All
5,O0006,,Member Only - Spring 20,https://jeswinkv.github.io/per_frame/temp/Discounts,https://jeswinkv.github.io/per_frame/temp/Discounts/O0006.PNG,https://jeswinkv.github.io/per_frame/temp/Discounts/O0006.PNG,Accruals ,Promotions,,Redeem new products listed exclusively for members - Sprint Sale 2020,Mobile,200.0,,miles,Promotional Status Credits,PSC,miles Related Promotions,Gold,,,,Member Only Offers,Fall 2020,Dec,,,,,,,2019-06-01,2019-08-31,Air,Lufthansa,Lufthansa,Airlines,40-65,US,Individuals,All,,Gold,,All
6,O0007,,Member Only - Thanks Giving 20,https://jeswinkv.github.io/per_frame/temp/Discounts,https://jeswinkv.github.io/per_frame/temp/Discounts/O0007.PNG,https://jeswinkv.github.io/per_frame/temp/Discounts/O0007.PNG,Accruals ,Promotions,,Redeem new products listed exclusively for members - Thanks Giving sale 2020,Mobile,200.0,,miles,,FFP,Frequent Flyer Program,Gold,,,,Member Only Offers,,,,,,,,,2019-06-01,2019-08-31,Air,,,,All,,,,,Gold,,All
7,O0008,,Member Only - Independence Day,https://jeswinkv.github.io/per_frame/temp/Discounts,https://jeswinkv.github.io/per_frame/temp/Discounts/O0008.PNG,https://jeswinkv.github.io/per_frame/temp/Discounts/O0008.PNG,Accruals ,Promotions,,Redeem new products listed exclusively for members - Independence day sale,Mobile,300.0,,miles,,FFP,Frequent Flyer Program,Gold,,,,Member Only Offers,,,,,,,,,2019-06-01,2019-08-31,Air,,,,All,,,,,Gold,,All
8,O0020,Walmart 15. 15% Discount on your next Walmart Store Visit,Walmart 15,https://jeswinkv.github.io/per_frame/temp/Discounts,https://jeswinkv.github.io/per_frame/temp/Discounts/O0020.PNG,https://jeswinkv.github.io/per_frame/temp/Discounts/O0020.PNG,,Discounts,15% Discount on your next Walmart Store Visit,15% Discount on your next Walmart Store Visit,Web,100.0,,Discounts,,FFP,Frequent Flyer Program,Bronze,,,,Walmart discounts,,,,,,,,,2019-07-01,2019-12-31,,TC,Walmart Corp,Retail,All,,,,,Bronze,,All
9,O0019,Walmart 10. 10% Discount on your next Walmart Store Visit,Walmart 10,https://jeswinkv.github.io/per_frame/temp/Discounts,https://jeswinkv.github.io/per_frame/temp/Discounts/O0019.PNG,https://jeswinkv.github.io/per_frame/temp/Discounts/O0019.PNG,,Discounts,10% Discount on your next Walmart Store Visit,10% Discount on your next Walmart Store Visit,Web,100.0,,Discounts,,FFP,Frequent Flyer Program,Bronze,,,,Walmart discounts,,,,,,,,,2019-07-01,2019-12-31,,TC,Walmart Corp,Retail,All,,,,,Bronze,,All
10,O0093,Uber 20. 20% discount with Uber Cabs,Uber 20,https://jeswinkv.github.io/per_frame/temp/Discounts,https://jeswinkv.github.io/per_frame/temp/Discounts/O0093.PNG,https://jeswinkv.github.io/per_frame/temp/Discounts/O0093.PNG,,Discounts,20% discount with Uber Cabs,20% discount with Uber Cabs,Mobile,50.0,,Discounts,,,Frequent Flyer Program,Bronze,,,UU,Uber,,,,,,Birthday,Anniversary,,2019-01-01,2019-03-31,Non Air,UU,Uber,Cab,All,US,Individuals,All,,Bronze,Web,Married
11,O0046,Uber 10. 10% discount with Uber Cabs,Uber 10,https://jeswinkv.github.io/per_frame/temp/Discounts,https://jeswinkv.github.io/per_frame/temp/Discounts/O0046.PNG,https://jeswinkv.github.io/per_frame/temp/Discounts/O0046.PNG,,Discounts,10% discount with Uber Cabs,10% discount with Uber Cabs,Web,50.0,,Discounts,,,Frequent Flyer Program,Bronze,,,UU,Uber,,,,,,Birthday,Anniversary,,2019-09-01,2019-10-31,Non Air,UU,Uber,Cab,All,US,Individuals,All,,Bronze,Web,Married
12,O0094,TI 20. 20$ discount on Travel Insurance with TT insurance,TI 20,https://jeswinkv.github.io/per_frame/temp/Discounts,https://jeswinkv.github.io/per_frame/temp/Discounts/O0094.PNG,https://jeswinkv.github.io/per_frame/temp/Discounts/O0094.PNG,,Discounts,20$ discount on Travel Insurance with TT insurance,20$ discount on Travel Insurance with TT insurance,Mobile,50.0,,Discounts,,,Frequent Flyer Program,Bronze,,,TI,TT Insurance,,,,,,Birthday,Anniversary,,2019-01-01,2019-03-31,Non Air,TI,TT Insurance,Insurance,All,US,Individuals,All,,Bronze,Web,Married
13,O0047,TI 10. 10$ discount on Travel Insurance with TT insurance,TI 10,https://jeswinkv.github.io/per_frame/temp/Discounts,https://jeswinkv.github.io/per_frame/temp/Discounts/O0047.PNG,https://jeswinkv.github.io/per_frame/temp/Discounts/O0047.PNG,,Discounts,10$ discount on Travel Insurance with TT insurance,10$ discount on Travel Insurance with TT insurance,Web,50.0,,Discounts,,,Frequent Flyer Program,Bronze,,,TI,TT Insurance,,,,,,Birthday,Anniversary,,2019-09-01,2019-10-31,Non Air,TI,TT Insurance,Insurance,All,US,Individuals,All,,Bronze,Web,Married
14,O0096,Teddy Bear Feast. Loyalty Offer for Kids under 12 years,Teddy Bear Feast,https://jeswinkv.github.io/per_frame/temp/Discounts,https://jeswinkv.github.io/per_frame/temp/Discounts/O0096.PNG,https://jeswinkv.github.io/per_frame/temp/Discounts/O0096.PNG,,Offers,Loyalty Offer for Kids under 12 years,Loyalty Offer for Kids under 12 years,Web,50.0,not for 12 years and above,Offers,Kids Offers,KC,Kids Club,Bronze,,,OCK,Oryx Cards Kids Club,All,,,,,,,,2019-07-01,2019-10-31,Non Air,ORX,Oryx,Credit Card,< 12,US,Kids,All,,Bronze,Web,Single
15,O0107,Teddy Bear Feast. Loyalty Offer for Kids under 12 years,Teddy Bear Feast,https://jeswinkv.github.io/per_frame/temp/Discounts,https://jeswinkv.github.io/per_frame/temp/Discounts/O0107.PNG,https://jeswinkv.github.io/per_frame/temp/Discounts/O0107.PNG,,Offers,Loyalty Offer for Kids under 12 years,Loyalty Offer for Kids under 12 years,Web,50.0,not for 12 years and above,Offers,Kids Offers,KC,Kids Club,Bronze,,,OCK,Oryx Cards Kids Club,All,,,,,,,,2019-01-01,2019-03-31,Non Air,ORX,Oryx,Credit Card,< 12,US,Kids,All,,Bronze,Web,Single
16,O0018,Target 25. 25% Discount on spending 100 USD,Target 25,https://jeswinkv.github.io/per_frame/temp/Discounts,https://jeswinkv.github.io/per_frame/temp/Discounts/O0018.PNG,https://jeswinkv.github.io/per_frame/temp/Discounts/O0018.PNG,,Discounts,25% Discount on spending 100 USD,25% Discount on spending 100 USD,Web,250.0,,Discounts,,FFP,Frequent Flyer Program,Gold,,,,Target Discounts,,,,,,,,,2019-07-01,2019-08-31,Non Air,TC,Target Corp,Retail,All,US,Individuals,All,,Gold,web,All
17,O0017,Target 15. 15% Discount on your next Target Store Visit,Target 15,https://jeswinkv.github.io/per_frame/temp/Discounts,https://jeswinkv.github.io/per_frame/temp/Discounts/O0017.PNG,https://jeswinkv.github.io/per_frame/temp/Discounts/O0017.PNG,,Discounts,15% Discount on your next Target Store Visit,15% Discount on your next Target Store Visit,Web,150.0,,Discounts,,FFP,Frequent Flyer Program,Bronze,,,,Target Discounts,,,,,,,,,2019-07-01,2019-08-31,,TC,Target Corp,Retail,All,,,,,Bronze,,All
18,O0016,Target 10. 10% Discount on your next Target Store Visit,Target 10,https://jeswinkv.github.io/per_frame/temp/Discounts,https://jeswinkv.github.io/per_frame/temp/Discounts/O0016.PNG,https://jeswinkv.github.io/per_frame/temp/Discounts/O0016.PNG,,Discounts,10% Discount on your next Target Store Visit,10% Discount on your next Target Store Visit,Web,100.0,,Discounts,,FFP,Frequent Flyer Program,Bronze,,,,Target Discounts,,,,,,,,,2019-07-01,2019-08-31,,TC,Target Corp,Retail,All,,,,,Bronze,,All
19,O0070,Starbucks 3k. Gain/Accrue 3000 miles and redeem your Starbucks Reward,Starbucks 3k,https://jeswinkv.github.io/per_frame/temp/Discounts,https://jeswinkv.github.io/per_frame/temp/Discounts/O0070.PNG,https://jeswinkv.github.io/per_frame/temp/Discounts/O0070.PNG,Redemption,Redeem,Gain/Accrue 3000 miles and redeem your Starbucks Reward,Gain/Accrue 3000 miles and redeem your Starbucks Reward,Mobile,250.0,,Cash,,FFP,Frequent Flyer Program,Gold,,,,,,,,,,,Anniversary Discounts,,2019-01-01,2019-03-31,Non Air,SB,Starbucks,,All,US,Individuals,All,,Gold,web,All
20,O0071,Starbucks 33. Gain/Accrue 3300 miles and redeem your Starbucks Reward,Starbucks 33,https://jeswinkv.github.io/per_frame/temp/Discounts,https://jeswinkv.github.io/per_frame/temp/Discounts/O0071.PNG,https://jeswinkv.github.io/per_frame/temp/Discounts/O0071.PNG,Redemption,Redeem,Gain/Accrue 3300 miles and redeem your Starbucks Reward,Gain/Accrue 3300 miles and redeem your Starbucks Reward,Mobile,300.0,,Cash,,FFP,Frequent Flyer Program,Gold,,,,,,,,,,Birthday Offers,,,2019-01-01,2019-03-31,Non Air,SB,Starbucks,,All,US,Individuals,All,,Gold,web,All
21,O0022,,Redeem your Starbucks Reward,https://jeswinkv.github.io/per_frame/temp/Discounts,https://jeswinkv.github.io/per_frame/temp/Discounts/O0022.PNG,https://jeswinkv.github.io/per_frame/temp/Discounts/O0022.PNG,Redemption,Redeem,,Gain/Accrue 300 miles and redeem your Starbucks Reward,Web,300.0,,Cash,,FFP,Frequent Flyer Program,Gold,,,,Starbucks offers,Winter,,,,,,,,2019-07-01,2019-12-31,,SB,Starbucks,Eat,All,US,Individuals,All,,Gold,web,All
22,O0023,,Redeem your Starbucks Reward,https://jeswinkv.github.io/per_frame/temp/Discounts,https://jeswinkv.github.io/per_frame/temp/Discounts/O0023.PNG,https://jeswinkv.github.io/per_frame/temp/Discounts/O0023.PNG,Redemption,Redeem,,Gain/Accrue 300 miles and redeem your Starbucks Reward,Mobile,300.0,,Cash,,FFP,Frequent Flyer Program,Gold,,,,Starbucks offers,,,,,,,Anniversary Discounts,,2019-01-01,2019-03-31,Non Air,SB,Starbucks,Eat,All,US,Individuals,All,,Gold,web,All
23,O0024,,Redeem your Starbucks Reward,https://jeswinkv.github.io/per_frame/temp/Discounts,https://jeswinkv.github.io/per_frame/temp/Discounts/O0024.PNG,https://jeswinkv.github.io/per_frame/temp/Discounts/O0024.PNG,Redemption,Redeem,,Gain/Accrue 300 miles and redeem your Starbucks Reward,Mobile,300.0,,Cash,,FFP,Frequent Flyer Program,Gold,,,,Starbucks offers,,,,,,Birthday Offers,,,2019-12-01,2020-01-31,Non Air,SB,Starbucks,Eat,All,US,Individuals,All,,Gold,web,All
24,O0025,,Earn 2x with Chase Sapphire Preferred,https://jeswinkv.github.io/per_frame/temp/Discounts,https://jeswinkv.github.io/per_frame/temp/Discounts/O0025.PNG,https://jeswinkv.github.io/per_frame/temp/Discounts/O0025.PNG,,miles,,Earn 2x miles on All Travel and Dining Purchases [$300],Social Media,100.0,,miles,,FFP,Frequent Flyer Program,Bronze,,,AB,Airbnb,Winter 20,Jan,,,Weekend Offers,,,,2019-01-01,2019-05-31,Non Air,AB2,Airbnb,Booking ,All,US,Individuals,All,,Bronze,Social Media,All
25,O0026,,Earn 2x with Chase Sapphire Preferred,https://jeswinkv.github.io/per_frame/temp/Discounts,https://jeswinkv.github.io/per_frame/temp/Discounts/O0026.PNG,https://jeswinkv.github.io/per_frame/temp/Discounts/O0026.PNG,,miles,,Earn 2x miles on All Travel and Dining Purchases [$300],Social Media,100.0,,miles,,FFP,Frequent Flyer Program,Bronze,,,UU,Uber,Winter 21,Feb,,,Weekend Offers,,,,2019-01-01,2019-05-31,,UU,Uber,Cab,All,US,Individuals,All,,Bronze,Social Media,All
26,O0027,,Earn 2x with Chase Sapphire Preferred,https://jeswinkv.github.io/per_frame/temp/Discounts,https://jeswinkv.github.io/per_frame/temp/Discounts/O0027.PNG,https://jeswinkv.github.io/per_frame/temp/Discounts/O0027.PNG,,miles,,Earn 2x miles on All Travel and Dining Purchases [$300],Social Media,50.0,,miles,,FFP,Frequent Flyer Program,Bronze,,,BCLA,Barista Coffee,Winter 22,Jan,,,Weekend Offers,,,,2019-01-01,2019-05-31,,BCLA,Barista Coffee,Eat,All,US,Individuals,All,,Bronze,Social Media,All
27,O0028,,Earn 2x with Chase Sapphire Preferred,https://jeswinkv.github.io/per_frame/temp/Discounts,https://jeswinkv.github.io/per_frame/temp/Discounts/O0028.PNG,https://jeswinkv.github.io/per_frame/temp/Discounts/O0028.PNG,,miles,,Earn 2x miles on All Travel and Dining Purchases [$300],Social Media,50.0,,miles,,FFP,Frequent Flyer Program,Bronze,,,EXP,Expedia,Winter 23,Feb,,,Weekend Offers,,,,2019-01-01,2019-05-31,Non Air,EXP,Expedia,Booking ,All,US,Individuals,All,,Bronze,Social Media,All
28,O0069,Starbucks 300. Gain/Accrue 300 miles and redeem your Starbucks Reward,Starbucks 300,https://jeswinkv.github.io/per_frame/temp/Discounts,https://jeswinkv.github.io/per_frame/temp/Discounts/O0069.PNG,https://jeswinkv.github.io/per_frame/temp/Discounts/O0069.PNG,Redemption,Redeem,Gain/Accrue 300 miles and redeem your Starbucks Reward,Gain/Accrue 300 miles and redeem your Starbucks Reward,Web,250.0,,Cash,,FFP,Frequent Flyer Program,Gold,,,,,Winter,,,,,,,,2019-01-01,2019-03-31,,SB,Starbucks,,All,US,Individuals,All,,Gold,web,All
29,O0030,,Buy & Earn Miles with ABC,https://jeswinkv.github.io/per_frame/temp/Discounts,https://jeswinkv.github.io/per_frame/temp/Discounts/O0030.PNG,https://jeswinkv.github.io/per_frame/temp/Discounts/O0030.PNG,,miles,,"Buy miles now, together sooner. Earn up to 120,000 bonus miles when you buy or gift ABC miles",Web,200.0,,miles,,FFP,Frequent Flyer Program,Bronze,,,,,Holiday,,,Vacation,,,,,2019-07-01,2019-10-31,Air,AA,ABC Card,Credit Card,All,US,Individuals,All,,Bronze,,
30,O0031,,Earn miles with ABC,https://jeswinkv.github.io/per_frame/temp/Discounts,https://jeswinkv.github.io/per_frame/temp/Discounts/O0031.PNG,https://jeswinkv.github.io/per_frame/temp/Discounts/O0031.PNG,,miles,,Earn more miles on your purchase when you use your eligible ABC  credit card.,Web,100.0,,miles,,FFP,Frequent Flyer Program,Bronze,,,,,Holiday,,,Vacation,,,,,2019-07-01,2019-10-31,Air,AA,ABC Card,Credit Card,All,US,Individuals,All,,Bronze,,
31,O0009,Member Only - Fun 50. Redeem new products listed exclusively for members,Member Only - Fun 50,https://jeswinkv.github.io/per_frame/temp/Discounts,https://jeswinkv.github.io/per_frame/temp/Discounts/O0009.PNG,https://jeswinkv.github.io/per_frame/temp/Discounts/O0009.PNG,Accruals ,Promotions,Redeem new products listed exclusively for members,Redeem new products listed exclusively for members,Mobile,300.0,,miles,,FFP,Frequent Flyer Program,Gold,,,,Member Only Offers,,,,,,,,,2019-06-01,2019-08-31,Air,,,,All,,,,,Gold,web,All
32,O0033,,Earn 30K Bonus miles,https://jeswinkv.github.io/per_frame/temp/Discounts,https://jeswinkv.github.io/per_frame/temp/Discounts/O0033.PNG,https://jeswinkv.github.io/per_frame/temp/Discounts/O0033.PNG,,miles,,"Earn 30,000 bonus miles when you book a vacation to Costa Rica.",Web,3000.0,,miles,,FFP,Frequent Flyer Program,Platinum,,,,,Holiday,,,Vacation,,,,,2019-06-01,2019-08-31,Air,AA,ABC Card,Credit Card,All,US,Individuals,All,,Gold,,
33,O0034,,Earn 50k Bonus Miles,https://jeswinkv.github.io/per_frame/temp/Discounts,https://jeswinkv.github.io/per_frame/temp/Discounts/O0034.PNG,https://jeswinkv.github.io/per_frame/temp/Discounts/O0034.PNG,,miles,,"Earn 50,000 bonus miles when you book a vacation to Paris  with ABC Card",Web,5000.0,,miles,,FFP,Frequent Flyer Program,Platinum,,,,,,,,,,,,,2019-06-01,2019-08-31,Air,AA,ABC Card,Credit Card,All,US,Individuals,All,,Platinum,,
34,O0055,Member Only - Fun 50 Br. Redeem new products listed exclusively for Bronze members,Member Only - Fun 50 Br,https://jeswinkv.github.io/per_frame/temp/Discounts,https://jeswinkv.github.io/per_frame/temp/Discounts/O0055.PNG,https://jeswinkv.github.io/per_frame/temp/Discounts/O0055.PNG,,Promotions,Redeem new products listed exclusively for Bronze members,Redeem new products listed exclusively for Bronze members,Mobile,50.0,,Discounts,,FFP,Frequent Flyer Program,Bronze,,,MM-O4,Member Only Offers,Summer 2021,May,,,,,,,2019-01-01,2019-03-31,Non Air,,,,All,,,,,Bronze,,All
35,O0005,Member Only - Early Birds 50. Redeem new products listed exclusively for members- First 50,Member Only - Early Birds 50,https://jeswinkv.github.io/per_frame/temp/Discounts,https://jeswinkv.github.io/per_frame/temp/Discounts/O0005.PNG,https://jeswinkv.github.io/per_frame/temp/Discounts/O0005.PNG,Accruals ,Promotions,Redeem new products listed exclusively for members- First 50,Redeem new products listed exclusively for members- First 50,Mobile,100.0,,miles,Promotional Status Credits,PSC,miles Related Promotions,Gold,,,,Member Only Offers,Fall 2020,Dec,,New Year,,,,,2019-06-01,2019-08-31,Air,Lufthansa,Lufthansa,Airlines,All,US,Corporates,All,,Gold,Mobile,All
36,O0092,Marriot 20. 20% discount at Marriot,Marriot 20,https://jeswinkv.github.io/per_frame/temp/Discounts,https://jeswinkv.github.io/per_frame/temp/Discounts/O0092.PNG,https://jeswinkv.github.io/per_frame/temp/Discounts/O0092.PNG,,Discounts,20% discount at Marriot,20% discount at Marriot,Mobile,50.0,,Discounts,,,Frequent Flyer Program,Bronze,,,MM,Marriot,,,,,,Birthday,Anniversary,,2019-01-01,2019-03-31,Non Air,MM,Marriot,Hotel,All,US,Individuals,All,,Bronze,Web,Married
37,O0045,Marriot 15.  15% discount at Marriot,Marriot 15,https://jeswinkv.github.io/per_frame/temp/Discounts,https://jeswinkv.github.io/per_frame/temp/Discounts/O0045.PNG,https://jeswinkv.github.io/per_frame/temp/Discounts/O0045.PNG,,Discounts, 15% discount at Marriot, 15% discount at Marriot,Web,50.0,,Discounts,,,Frequent Flyer Program,Bronze,,,MM,Marriot,,,,,,Birthday,Anniversary,,2019-09-01,2019-10-31,Non Air,MM,Marriot,Hotel,All,US,Individuals,All,,Bronze,Web,Married
38,O0039,,Earn miles with every stay,https://jeswinkv.github.io/per_frame/temp/Discounts,https://jeswinkv.github.io/per_frame/temp/Discounts/O0039.PNG,https://jeswinkv.github.io/per_frame/temp/Discounts/O0039.PNG,,miles,,"Book hotels and earn up to 10,000 miles per night on select properties.",Web,200.0,,miles,,FFP,Frequent Flyer Program,Bronze,,,MM,Marriot,,,,,,,,,2019-07-01,2019-10-31,,MM,Marriot,Hotel,All,US,Individuals,All,,Bronze,Web,Married
39,O0040,, à la carte - Food & Bev,https://jeswinkv.github.io/per_frame/temp/Discounts,https://jeswinkv.github.io/per_frame/temp/Discounts/O0040.PNG,https://jeswinkv.github.io/per_frame/temp/Discounts/O0040.PNG,,Discounts,,Get 10% off on F&B,Web,200.0,,Discounts,,,Frequent Flyer Program,Bronze,,,FB,Ancillary-Food & Bev ,,,,,,Birthday,Anniversary,,2019-07-01,2019-10-31,Air,AA,American Airways,Air,All,US,Individuals,All,,Bronze,Web,Married
40,O0041,, à la carte - Food & Bev- Wine,https://jeswinkv.github.io/per_frame/temp/Discounts,https://jeswinkv.github.io/per_frame/temp/Discounts/O0041.PNG,https://jeswinkv.github.io/per_frame/temp/Discounts/O0041.PNG,,Discounts,,Get 10% off on F&B-Wine,Web,100.0,not for <18 years of age,Discounts,,,Frequent Flyer Program,Bronze,,,FBW,wine,,,,,,Birthday,Anniversary,,2019-01-01,2019-03-31,Air,AA,American Airways,Air,All,US,Individuals,All,,Bronze,Web,Married
41,O0042,, à la carte - Baggage and excess baggage,https://jeswinkv.github.io/per_frame/temp/Discounts,https://jeswinkv.github.io/per_frame/temp/Discounts/O0042.PNG,https://jeswinkv.github.io/per_frame/temp/Discounts/O0042.PNG,,Discounts,,15$ discount on excess baggage,Web,50.0,,Discounts,,,Frequent Flyer Program,Bronze,,,BB,Baggage,,,,,,Birthday,Anniversary,,2019-09-01,2019-10-31,Air,AA,American Airways,Air,All,US,Individuals,All,,Bronze,Web,Married
42,O0097,Kids Lounge. Lounge Offer for Kids,Kids Lounge,https://jeswinkv.github.io/per_frame/temp/Discounts,https://jeswinkv.github.io/per_frame/temp/Discounts/O0097.PNG,https://jeswinkv.github.io/per_frame/temp/Discounts/O0097.PNG,,Offers,Lounge Offer for Kids,Lounge Offer for Kids,Web,300.0,not for 12 years and above,Offers,Kids Offers,KC,Kids Club,Gold,,,OCK,Oryx Cards Kids Club,All,,,,,Birthday,,,2019-12-01,2020-01-31,Non Air,ORX,Oryx,Credit Card,< 12,US,Kids,All,,Gold,Web,Single
43,O0108,Kids Lounge. Lounge Offer for Kids,Kids Lounge,https://jeswinkv.github.io/per_frame/temp/Discounts,https://jeswinkv.github.io/per_frame/temp/Discounts/O0108.PNG,https://jeswinkv.github.io/per_frame/temp/Discounts/O0108.PNG,,Offers,Lounge Offer for Kids,Lounge Offer for Kids,Web,300.0,not for 12 years and above,Offers,Kids Offers,KC,Kids Club,Gold,,,OCK,Oryx Cards Kids Club,All,,,,,Birthday,,,2019-01-01,2019-03-31,Non Air,ORX,Oryx,Credit Card,< 12,US,Kids,All,,Gold,Web,Single
44,O0029,JULY 4 15. Up to 15% off on Flight Fees,JULY 4 15,https://jeswinkv.github.io/per_frame/temp/Discounts,https://jeswinkv.github.io/per_frame/temp/Discounts/O0029.PNG,https://jeswinkv.github.io/per_frame/temp/Discounts/O0029.PNG,,Discounts,Up to 15% off on Flight Fees,Up to 15% off on Flight Fees,Web,100.0,,Discounts,,FFP,Frequent Flyer Program,Bronze,,,,,Holiday,July,1.0,Independence Day,,,,,2019-07-01,2019-07-31,Air,LF,Lufthansa,Air,All,US,Individuals,All,,Bronze,web,All
45,O0076,JULY 4 15. Up to 15% off on Flight Fees,JULY 4 15,https://jeswinkv.github.io/per_frame/temp/Discounts,https://jeswinkv.github.io/per_frame/temp/Discounts/O0076.PNG,https://jeswinkv.github.io/per_frame/temp/Discounts/O0076.PNG,,Discounts,Up to 15% off on Flight Fees,Up to 15% off on Flight Fees,Web,100.0,,Discounts,,FFP,Frequent Flyer Program,Bronze,,,,,Holiday,July,1.0,Independence Day,,,,,2019-01-01,2019-03-31,Air,LF,Lufthansa,Air,All,US,Individuals,All,,Bronze,web,All
46,O0010,Join the world for 50. Create an account gain 50 miles,Join the world for 50,https://jeswinkv.github.io/per_frame/temp/Discounts,https://jeswinkv.github.io/per_frame/temp/Discounts/O0010.PNG,https://jeswinkv.github.io/per_frame/temp/Discounts/O0010.PNG,,Coupons,Create an account gain 50 miles,Create an account gain 50 miles,Web,100.0,,Cash,New Subscribers Offers,FFP,Frequent Flyer Program,Bronze,,,,Refer a friend,,,,,,,,,2019-06-01,2019-08-31,Non Air,WLFF,WeLoveFunFit,E-commerce,20-30,US,New Subscribers  - Individuals,All,,Bronze,web,All
47,O0057,Join the world for 2000. Create an account gain 2000 miles,Join the world for 2000,https://jeswinkv.github.io/per_frame/temp/Discounts,https://jeswinkv.github.io/per_frame/temp/Discounts/O0057.PNG,https://jeswinkv.github.io/per_frame/temp/Discounts/O0057.PNG,,Coupons,Create an account gain 2000 miles,Create an account gain 2000 miles,Web,50.0,,Cash,New Subscribers Offers,FFP,Frequent Flyer Program,Bronze,,,,,,,,,,,,,2019-01-01,2019-03-31,Non Air,WLFF,WeLoveFunFit,E-commerce,20-30,US,New Subscribers  - Individuals,All,,Bronze,web,All
48,O0049,,"4,000 Bonus miles  with AmEx Sapphire Card",https://jeswinkv.github.io/per_frame/temp/Discounts,https://jeswinkv.github.io/per_frame/temp/Discounts/O0049.PNG,https://jeswinkv.github.io/per_frame/temp/Discounts/O0049.PNG,,Promotions,,"60,000 Bonus miles [Highest EVER Bonus]  with Chase Sapphire Card",Web,4000.0,,Discounts,Promotional Status Credits,PSC,miles Related Promotions,Sapphire,,,CCP-S,Credit Card Offer,Summer 2020,May,,,,,,,2019-06-01,2019-08-31,Non Air,CH,Chase ,Credit Card,30 - 40,US,Individuals,All,,Sapphire,Credit Card,Both
49,O0050,," 60,00 Rewards miles  with AmEx Platinum Card",https://jeswinkv.github.io/per_frame/temp/Discounts,https://jeswinkv.github.io/per_frame/temp/Discounts/O0050.PNG,https://jeswinkv.github.io/per_frame/temp/Discounts/O0050.PNG,,Promotions,,"Earn 60,000 Membership Rewards miles  with Chase Platinum Card",Web,6000.0,,Discounts,Promotional Status Credits,PSC,miles Related Promotions,Platinum,,,CCP-P,Credit Card Offer,Summer 2021,May,,,,,,,2019-01-01,2019-03-31,Non Air,CH,Chase ,Credit Card,All,US,Individuals,All,,Platinum,Credit Card,All
50,O0051,,"35,000  Rewards miles with AmEx Gold Card",https://jeswinkv.github.io/per_frame/temp/Discounts,https://jeswinkv.github.io/per_frame/temp/Discounts/O0051.PNG,https://jeswinkv.github.io/per_frame/temp/Discounts/O0051.PNG,,Promotions,,"Earn 35,000 Membership Rewards miles with Chase Gold Card",Web,250.0,,Discounts,Promotional Status Credits,PSC,miles Related Promotions,Gold,,,CCP-G,Credit Card Offer,Summer 2022,May,,,,,,,2019-06-01,2019-08-31,Non Air,CH,Chase ,Credit Card,All,US,Individuals,All,,Gold,Credit Card,All
51,O0052,,Member Only FFP - Fun 50,https://jeswinkv.github.io/per_frame/temp/Discounts,https://jeswinkv.github.io/per_frame/temp/Discounts/O0052.PNG,https://jeswinkv.github.io/per_frame/temp/Discounts/O0052.PNG,,Promotions,,Redeem new products listed exclusively for FFP members,Mobile,250.0,,Discounts,Promotional Status Credits,PSC,miles Related Promotions,Gold,,,MM-O1,Member Only Offers,Fall 2020,Dec,,New Year,,,,,2019-06-01,2019-08-31,Air,LH,Lufthansa,Airlines,All,US,Corporates,All,,Gold,Mobile,All
52,O0053,,Member Only - Fun 50 Gold,https://jeswinkv.github.io/per_frame/temp/Discounts,https://jeswinkv.github.io/per_frame/temp/Discounts/O0053.PNG,https://jeswinkv.github.io/per_frame/temp/Discounts/O0053.PNG,,Promotions,,Redeem new products listed exclusively for Gold members,Mobile,250.0,,Discounts,Promotional Status Credits,PSC,miles Related Promotions,Gold,,,MM-O2,Member Only Offers,Fall 2020,Dec,,,,,,,2019-06-01,2019-08-31,Non Air,LH,Lufthansa,Airlines,40-65,US,Individuals,All,,Gold,,All
53,O0054,,Member Only - Fun 50 Platinum,https://jeswinkv.github.io/per_frame/temp/Discounts,https://jeswinkv.github.io/per_frame/temp/Discounts/O0054.PNG,https://jeswinkv.github.io/per_frame/temp/Discounts/O0054.PNG,,Promotions,,Redeem new products listed exclusively for Platinum members ,Mobile,500.0,,Discounts,,FFP,Frequent Flyer Program,Platinum,,,MM-O3,Member Only Offers,Summer 2020,April ,,,,,,,2019-01-01,2019-03-31,Non Air,,,,All,,,,,Platinum,,All
54,O0102,HARRODS REWARDS:. 20% Discount for new-born baby essentials – everything from clothing to gift sets at Harrods,HARRODS REWARDS:,https://jeswinkv.github.io/per_frame/temp/Discounts,https://jeswinkv.github.io/per_frame/temp/Discounts/O0102.PNG,https://jeswinkv.github.io/per_frame/temp/Discounts/O0102.PNG,,Discounts,20% Discount for new-born baby essentials – everything from clothing to gift sets at Harrods,20% Discount for new-born baby essentials – everything from clothing to gift sets at Harrods,web,300.0,not for above 5 years,Discounts,Kids Offers,KC,Kids Club,Gold,,,OCK,Oryx Cards Kids Club,All,,,,,Birthday,,,2019-10-01,2019-12-31,Non Air,ORX,Oryx,Credit Card,< 5,US,Kids,All,,Gold,Web,Single
55,O0056,,Member Only - Fun 50 New,https://jeswinkv.github.io/per_frame/temp/Discounts,https://jeswinkv.github.io/per_frame/temp/Discounts/O0056.PNG,https://jeswinkv.github.io/per_frame/temp/Discounts/O0056.PNG,,Promotions,,Redeem new products listed exclusively for New members,Mobile,50.0,,Discounts,,FFP,Frequent Flyer Program,Bronze,,,MM-O5,Member Only Offers,Summer 2022,June,,,,,,,2019-01-01,2019-03-31,Non Air,,,,All,,,,,Bronze,web,All
56,O0110,HARRODS REWARDS:. 20% Discount for new-born baby essentials – everything from clothing to gift sets at Harrods,HARRODS REWARDS:,https://jeswinkv.github.io/per_frame/temp/Discounts,https://jeswinkv.github.io/per_frame/temp/Discounts/O0110.PNG,https://jeswinkv.github.io/per_frame/temp/Discounts/O0110.PNG,,Discounts,20% Discount for new-born baby essentials – everything from clothing to gift sets at Harrods,20% Discount for new-born baby essentials – everything from clothing to gift sets at Harrods,web,300.0,not for above 5 years,Discounts,Kids Offers,KC,Kids Club,Gold,,,OCK,Oryx Cards Kids Club,All,,,,,Birthday,,,2019-03-01,2019-07-31,Non Air,ORX,Oryx,Credit Card,< 5,US,Kids,All,,Gold,Web,Single
57,O0111,HAMLEYS REWARDS:. 20% Discount for new-born baby essentials – everything from clothing to gift sets at Hamleys,HAMLEYS REWARDS:,https://jeswinkv.github.io/per_frame/temp/Discounts,https://jeswinkv.github.io/per_frame/temp/Discounts/O0111.PNG,https://jeswinkv.github.io/per_frame/temp/Discounts/O0111.PNG,,Discounts,20% Discount for new-born baby essentials – everything from clothing to gift sets at Hamleys,20% Discount for new-born baby essentials – everything from clothing to gift sets at Hamleys,web,300.0,not for above 5 years,Discounts,Kids Offers,KC,Kids Club,Gold,,,OCK,Oryx Cards Kids Club,All,,,,,Birthday,,,2019-03-01,2019-07-31,Non Air,ORX,Oryx,Credit Card,< 5,US,Kids,All,,Gold,Web,Single
58,O0095,Go Kido. Loyalty Offer exclusively for Kids Under 12,Go Kido,https://jeswinkv.github.io/per_frame/temp/Discounts,https://jeswinkv.github.io/per_frame/temp/Discounts/O0095.PNG,https://jeswinkv.github.io/per_frame/temp/Discounts/O0095.PNG,,Offers,Loyalty Offer exclusively for Kids Under 12,Loyalty Offer exclusively for Kids Under 12,Web,50.0,not for 12 years and above,Offers,Kids Offers,KC,Kids Club,Bronze,,,OCK,Oryx Cards Kids Club,All,,,,,,,,2019-07-01,2019-10-31,Non Air,ORX,Oryx,Credit Card,< 12,US,Kids,All,,Bronze,Web,Single
59,O0106,Go Kido. Loyalty Offer exclusively for Kids Under 12,Go Kido,https://jeswinkv.github.io/per_frame/temp/Discounts,https://jeswinkv.github.io/per_frame/temp/Discounts/O0106.PNG,https://jeswinkv.github.io/per_frame/temp/Discounts/O0106.PNG,,Offers,Loyalty Offer exclusively for Kids Under 12,Loyalty Offer exclusively for Kids Under 12,Web,50.0,not for 12 years and above,Offers,Kids Offers,KC,Kids Club,Bronze,,,OCK,Oryx Cards Kids Club,All,,,,,,,,2019-01-01,2019-03-31,Non Air,ORX,Oryx,Credit Card,< 12,US,Kids,All,,Bronze,Web,Single
60,O0101,GAME REWARD:. 10% Off for every game that you buy,GAME REWARD:,https://jeswinkv.github.io/per_frame/temp/Discounts,https://jeswinkv.github.io/per_frame/temp/Discounts/O0101.PNG,https://jeswinkv.github.io/per_frame/temp/Discounts/O0101.PNG,,Discounts,10% Off for every game that you buy,10% Off for every game that you buy,web,300.0,not for below 12 years ,Discounts,Kids Offers,KC,Kids Club,Gold,,,OCK,Oryx Cards Kids Club,All,,,,,Birthday,,,2019-10-01,2019-12-31,Non Air,ORX,Oryx,Credit Card,12 -20,US,Kids,All,,Gold,Web,Single
61,O0059,Friend-500. Refer a friend earn 500 miles,Friend-500,https://jeswinkv.github.io/per_frame/temp/Discounts,https://jeswinkv.github.io/per_frame/temp/Discounts/O0059.PNG,https://jeswinkv.github.io/per_frame/temp/Discounts/O0059.PNG,,Coupons,Refer a friend earn 500 miles,Refer a friend earn 500 miles,Web,50.0,,Cash,New Subscribers Offers,FFP,Frequent Flyer Program,Bronze,,,,,,,,,,,,,2019-01-01,2019-03-31,Non Air,WLFF,WeLoveFunFit,E-commerce,20-30,US,New Subscribers  - Individuals,All,,Bronze,web,All
62,O0063,,Summer Target 10,https://jeswinkv.github.io/per_frame/temp/Discounts,https://jeswinkv.github.io/per_frame/temp/Discounts/O0063.PNG,https://jeswinkv.github.io/per_frame/temp/Discounts/O0063.PNG,,Discounts,,10% Discount on your next Target Store Visit,Web,100.0,,Discounts,,FFP,Frequent Flyer Program,Bronze,,,,,Summer ,May,,Summer,,,,,2019-01-01,2019-03-31,,TC,Target Corp,Retail,All,,,,,Bronze,,All
63,O0064,,Summer Target 15,https://jeswinkv.github.io/per_frame/temp/Discounts,https://jeswinkv.github.io/per_frame/temp/Discounts/O0064.PNG,https://jeswinkv.github.io/per_frame/temp/Discounts/O0064.PNG,,Discounts,,15% Discount on your next Target Store Visit,Web,100.0,,Discounts,,FFP,Frequent Flyer Program,Bronze,,,,,Summer ,May,,Summer,,,,,2019-01-01,2019-03-31,,TC,Target Corp,Retail,All,,,,,Bronze,,All
64,O0065,,Summer Target 25,https://jeswinkv.github.io/per_frame/temp/Discounts,https://jeswinkv.github.io/per_frame/temp/Discounts/O0065.PNG,https://jeswinkv.github.io/per_frame/temp/Discounts/O0065.PNG,,Discounts,,25% Discount on spending 100 USD,Web,250.0,,Discounts,,FFP,Frequent Flyer Program,Gold,,,,,Summer ,May,,Summer,,,,,2019-01-01,2019-03-31,Non Air,TC,Target Corp,Retail,All,US,Individuals,All,,Gold,web,All
65,O0066,,Summer Walmart 10,https://jeswinkv.github.io/per_frame/temp/Discounts,https://jeswinkv.github.io/per_frame/temp/Discounts/O0066.PNG,https://jeswinkv.github.io/per_frame/temp/Discounts/O0066.PNG,,Discounts,,10% Discount on your next Walmart Store Visit,Web,100.0,,Discounts,,FFP,Frequent Flyer Program,Bronze,,,,,Summer ,May,,Summer,,,,,2019-01-01,2019-03-31,,TC,Walmart Corp,Retail,All,,,,,Bronze,,All
66,O0067,,Summer Walmart 15,https://jeswinkv.github.io/per_frame/temp/Discounts,https://jeswinkv.github.io/per_frame/temp/Discounts/O0067.PNG,https://jeswinkv.github.io/per_frame/temp/Discounts/O0067.PNG,,Discounts,,15% Discount on your next Walmart Store Visit,Web,100.0,,Discounts,,FFP,Frequent Flyer Program,Bronze,,,,,Summer ,May,,Summer,,,,,2019-01-01,2019-03-31,,TC,Walmart Corp,Retail,All,,,,,Bronze,,All
67,O0068,,Summer Walmart 25,https://jeswinkv.github.io/per_frame/temp/Discounts,https://jeswinkv.github.io/per_frame/temp/Discounts/O0068.PNG,https://jeswinkv.github.io/per_frame/temp/Discounts/O0068.PNG,,Discounts,,25% Discount on spending 100 USD,Web,250.0,,Discounts,,FFP,Frequent Flyer Program,Gold,,,,,Summer ,May,,Summer,,,,,2019-01-01,2019-03-31,Non Air,TC,Walmart Corp,Retail,All,US,Individuals,All,,Gold,web,All
68,O0012,Friend-50. Refer a friend earn 50 miles,Friend-50,https://jeswinkv.github.io/per_frame/temp/Discounts,https://jeswinkv.github.io/per_frame/temp/Discounts/O0012.PNG,https://jeswinkv.github.io/per_frame/temp/Discounts/O0012.PNG,,Coupons,Refer a friend earn 50 miles,Refer a friend earn 50 miles,Web,50.0,,Cash,New Subscribers Offers,FFP,Frequent Flyer Program,Bronze,,,,Redeem offers,,,,,,,,,2019-07-01,2019-10-31,Non Air,WLFF,WeLoveFunFit,E-commerce,20-30,US,New Subscribers  - Individuals,All,,Bronze,web,All
69,O0078,Earn 2x miles with ABC. Earn more miles on your purchase when you use your eligible ABC  credit card.,Earn 2x miles with ABC,https://jeswinkv.github.io/per_frame/temp/Discounts,https://jeswinkv.github.io/per_frame/temp/Discounts/O0078.PNG,https://jeswinkv.github.io/per_frame/temp/Discounts/O0078.PNG,,miles,Earn more miles on your purchase when you use your eligible ABC  credit card.,Earn more miles on your purchase when you use your eligible ABC  credit card.,Web,50.0,,miles,,FFP,Frequent Flyer Program,Bronze,,,,,Holiday,,,Vacation,,,,,2019-01-01,2019-03-31,Air,AA,ABC Card,Credit Card,All,US,Individuals,All,,Bronze,,
70,O0032,"Earn 25k Bonus miles. Earn 25,000 bonus miles on a future vacation to Jamaica.",Earn 25k Bonus miles,https://jeswinkv.github.io/per_frame/temp/Discounts,https://jeswinkv.github.io/per_frame/temp/Discounts/O0032.PNG,https://jeswinkv.github.io/per_frame/temp/Discounts/O0032.PNG,,miles,"Earn 25,000 bonus miles on a future vacation to Jamaica.","Earn 25,000 bonus miles on a future vacation to Jamaica.",Web,2500.0,,miles,,FFP,Frequent Flyer Program,Platinum,,,,,Holiday,,,Vacation,,,,,2019-01-01,2019-03-31,Air,AA,ABC Card,Credit Card,All,US,Individuals,All,,Gold,,
71,O0072,,Earn 2x with Chase Sapphire Preferred,https://jeswinkv.github.io/per_frame/temp/Discounts,https://jeswinkv.github.io/per_frame/temp/Discounts/O0072.PNG,https://jeswinkv.github.io/per_frame/temp/Discounts/O0072.PNG,,miles,,Earn 2x miles on All Travel and Dining Purchases [$300],Social Media,100.0,,miles,,FFP,Frequent Flyer Program,Bronze,,,AB,Airbnb,Winter 20,Jan,,,Weekend Offers,,,,2019-01-01,2019-03-31,Non Air,AB2,Airbnb,Booking ,All,US,Individuals,All,,Bronze,Social Media,All
72,O0073,,Earn 3x with Chase Sapphire Preferred,https://jeswinkv.github.io/per_frame/temp/Discounts,https://jeswinkv.github.io/per_frame/temp/Discounts/O0073.PNG,https://jeswinkv.github.io/per_frame/temp/Discounts/O0073.PNG,,miles,,Earn 3x miles on All Travel and Dining Purchases [$300],Social Media,100.0,,miles,,FFP,Frequent Flyer Program,Bronze,,,UU,Uber,Winter 21,Feb,,,Weekend Offers,,,,2019-01-01,2019-03-31,,UU,Uber,Cab,All,US,Individuals,All,,Bronze,Social Media,All
73,O0074,,Earn 2x with Chase Platinum  Preferred,https://jeswinkv.github.io/per_frame/temp/Discounts,https://jeswinkv.github.io/per_frame/temp/Discounts/O0074.PNG,https://jeswinkv.github.io/per_frame/temp/Discounts/O0074.PNG,,miles,,Earn 2x miles on All Travel and Dining Purchases [$300],Social Media,100.0,,miles,,FFP,Frequent Flyer Program,Bronze,,,BCLA,Barista Coffee,Winter 22,Jan,,,Weekend Offers,,,,2019-01-01,2019-03-31,,BCLA,Barista Coffee,Eat,All,US,Individuals,All,,Bronze,Social Media,All
74,O0075,,Earn 3x with Chase Platinum Preferred,https://jeswinkv.github.io/per_frame/temp/Discounts,https://jeswinkv.github.io/per_frame/temp/Discounts/O0075.PNG,https://jeswinkv.github.io/per_frame/temp/Discounts/O0075.PNG,,miles,,Earn 3x miles on All Travel and Dining Purchases [$300],Social Media,100.0,,miles,,FFP,Frequent Flyer Program,Bronze,,,EXP,Expedia,Winter 23,Feb,,,Weekend Offers,,,,2019-01-01,2019-03-31,Non Air,EXP,Expedia,Booking ,All,US,Individuals,All,,Bronze,Social Media,All
75,O0091,Early Bird 20.  à la carte - 20% discount on early boarding for F&B,Early Bird 20,https://jeswinkv.github.io/per_frame/temp/Discounts,https://jeswinkv.github.io/per_frame/temp/Discounts/O0091.PNG,https://jeswinkv.github.io/per_frame/temp/Discounts/O0091.PNG,,Discounts, à la carte - 20% discount on early boarding for F&B, à la carte - 20% discount on early boarding for F&B,Mobile,50.0,,Discounts,,,Frequent Flyer Program,Bronze,,,EB,Early Boarding,,,,,,Birthday,Anniversary,,2019-01-01,2019-03-31,Air,AA,American Airways,Air,All,US,Individuals,All,,Bronze,Web,Married
76,O0077,,Buy & Earn 2k Miles with ABC,https://jeswinkv.github.io/per_frame/temp/Discounts,https://jeswinkv.github.io/per_frame/temp/Discounts/O0077.PNG,https://jeswinkv.github.io/per_frame/temp/Discounts/O0077.PNG,,miles,,"Buy miles now, together sooner. Earn up to 120,000 bonus miles when you buy or gift ABC miles",Web,100.0,,miles,,FFP,Frequent Flyer Program,Bronze,,,,,Holiday,,,Vacation,,,,,2019-01-01,2019-03-31,Air,AA,ABC Card,Credit Card,All,US,Individuals,All,,Bronze,,
77,O0044,Early Bird 10.  à la carte - 10% discount on early boarding for F&B,Early Bird 10,https://jeswinkv.github.io/per_frame/temp/Discounts,https://jeswinkv.github.io/per_frame/temp/Discounts/O0044.PNG,https://jeswinkv.github.io/per_frame/temp/Discounts/O0044.PNG,,Discounts, à la carte - 10% discount on early boarding for F&B, à la carte - 10% discount on early boarding for F&B,Web,50.0,,Discounts,,,Frequent Flyer Program,Bronze,,,EB,Early Boarding,,,,,,Birthday,Anniversary,,2019-09-01,2019-10-31,Air,AA,American Airways,Air,All,US,Individuals,All,,Bronze,Web,Married
78,O0079,,Earn 50k Bonus miles with ABC,https://jeswinkv.github.io/per_frame/temp/Discounts,https://jeswinkv.github.io/per_frame/temp/Discounts/O0079.PNG,https://jeswinkv.github.io/per_frame/temp/Discounts/O0079.PNG,,miles,,"Earn 25,000 bonus miles on a future vacation to Jamaica.",Web,300.0,,miles,,FFP,Frequent Flyer Program,Gold,,,,,Holiday,,,Vacation,,,,,2019-01-01,2019-03-31,Air,AA,ABC Card,Credit Card,All,US,Individuals,All,,Gold,,
79,O0080,,Earn 300K Bonus miles with ABC,https://jeswinkv.github.io/per_frame/temp/Discounts,https://jeswinkv.github.io/per_frame/temp/Discounts/O0080.PNG,https://jeswinkv.github.io/per_frame/temp/Discounts/O0080.PNG,,miles,,"Earn 30,000 bonus miles when you book a vacation to Costa Rica.",Web,300.0,,miles,,FFP,Frequent Flyer Program,Gold,,,,,Holiday,,,Vacation,,,,,2019-01-01,2019-03-31,Air,AA,ABC Card,Credit Card,All,US,Individuals,All,,Gold,,
80,O0081,,Earn 5000 Bonus Miles,https://jeswinkv.github.io/per_frame/temp/Discounts,https://jeswinkv.github.io/per_frame/temp/Discounts/O0081.PNG,https://jeswinkv.github.io/per_frame/temp/Discounts/O0081.PNG,,miles,,Earn 500 bonus miles when you book a vacation to Paris  with ABC Card,Web,5000.0,,miles,,FFP,Frequent Flyer Program,Platinum,,,,,,,,,,,,,2019-01-01,2019-03-31,Air,AA,ABC Card,Credit Card,All,US,Individuals,All,,Platinum,,
81,O0048,Early Bird  Offer. New Product that’s not officially Launched,Early Bird  Offer,https://jeswinkv.github.io/per_frame/temp/Discounts,https://jeswinkv.github.io/per_frame/temp/Discounts/O0048.PNG,https://jeswinkv.github.io/per_frame/temp/Discounts/O0048.PNG,,Promotions,New Product that’s not officially Launched,New Product that’s not officially Launched,Loyalty Membership,50.0,not for <18 years of age,miles,Loyalty Bonus Status Credits,EAP,Early Access Program,Bronze,TLBS,,P1,Product 1,Summer 2020,April ,,,,,,,2019-01-01,2019-03-31,Air,QF,Qantas Airways,,40-65,Europe,Corporates,All,,Bronze,Credit Card,Both
82,O0001,Early Access Offer. New Product that’s not officially Launched,Early Access Offer,https://jeswinkv.github.io/per_frame/temp/Discounts,https://jeswinkv.github.io/per_frame/temp/Discounts/O0001.PNG,https://jeswinkv.github.io/per_frame/temp/Discounts/O0001.PNG,Accruals ,Promotions,New Product that’s not officially Launched,New Product that’s not officially Launched,Loyalty Membership,50.0,,miles,Loyalty Bonus Status Credits,EAP,Early Access Program,Bronze,TLBS,,P1,Product 1,Summer 2020,April ,,,,,,,2019-06-01,2019-08-31,Air,QF,Qantas Airways,,40-65,Europe,Corporates,All,,Bronze,Credit Card,Both
83,O0100,DISNEY MOVIE REWARDS:. 15% discount for signing up for sign up for the Disney movie loyalty cards,DISNEY MOVIE REWARDS:,https://jeswinkv.github.io/per_frame/temp/Discounts,https://jeswinkv.github.io/per_frame/temp/Discounts/O0100.PNG,https://jeswinkv.github.io/per_frame/temp/Discounts/O0100.PNG,,Discounts,15% discount for signing up for sign up for the Disney movie loyalty cards,15% discount for signing up for sign up for the Disney movie loyalty cards,web,300.0,Under 18,Discounts,Kids Offers,KC,Kids Club,Gold,,,OCK,Oryx Cards Kids Club,All,,,,,Birthday,,,2019-10-01,2019-12-31,Non Air,ORX,Oryx,Credit Card,12 -20,US,Kids,All,,Gold,Web,Single
84,O0114,"Disney- Fall Offer 
Save up to 40% on Rooms at Disney Resort Hotels. Stays on most nights from June 2020 - Dec 2020
Book Through December 2020
Offer Type : Only for Room Bookings","Disney- Fall Offer 
Save up to 40% on Rooms at Disney Resort Hotels",,,,,Discounts,"Stays on most nights from June 2020 - Dec 2020
Book Through December 2020
Offer Type : Only for Room Bookings","Stays on most nights from June 2020 - Dec 2020
Book Through December 2020
Offer Type : Only for Room Bookings",Web,300.0,,Discounts,Rooms,GP,Gold Pass holders,Gold,Gold,Hotels,DRH,Disney Resort Hotels,Fall,,,,,,,,2020-07-01,2020-12-31,Non Air,DIS,Walt Disney Co.,Entertainment,>18,All,All,All,,Gold,Web,All
85,O0086,,Earn10k miles every stay,https://jeswinkv.github.io/per_frame/temp/Discounts,https://jeswinkv.github.io/per_frame/temp/Discounts/O0086.PNG,https://jeswinkv.github.io/per_frame/temp/Discounts/O0086.PNG,,miles,,"Book hotels and earn up to 10,000 miles per night on select properties.",Social Media,50.0,,miles,,FFP,Frequent Flyer Program,Bronze,,,MM,Marriot,,,,,,,,,2019-09-15,2019-12-31,,MM,Marriot,Hotel,All,US,Individuals,All,,Bronze,Web,Married
86,O0122,Child Ticket Offer at Disney  ( Age 3-9). Enjoy great discounts up to 30%  for child tickets at Disney Theme Parks,Child Ticket Offer at Disney  ( Age 3-9),,,,,Offer,Enjoy great discounts up to 30%  for child tickets at Disney Theme Parks,Enjoy great discounts up to 30%  for child tickets at Disney Theme Parks,All,250.0,,Discounts,Tickets,DPP,Disney Platinum Promotions,Platinum,Platinum,Theme Parks,DRH,Disney Theme Parks,Fall,,,,,,,,2020-09-01,2020-12-31,Non Air,DIS,Walt Disney Co.,Entertainment,>19,All,All,All,,Gold,Web,All
87,O0037,Celebrate Summer Sale 40. Save $40/night to all destinations,Celebrate Summer Sale 40,https://jeswinkv.github.io/per_frame/temp/Discounts,https://jeswinkv.github.io/per_frame/temp/Discounts/O0037.PNG,https://jeswinkv.github.io/per_frame/temp/Discounts/O0037.PNG,,Discounts,Save $40/night to all destinations,Save $40/night to all destinations,Social Media,500.0,,Discounts,,FFP,Frequent Flyer Program,Platinum,,,AA,American,Holiday,,,Summer,,,,,2019-06-01,2019-08-31,Air,AM,American Airways,Air,All,US,Individuals,All,,Platinum,,
88,O0036,Celebrate Summer Sale 30. Save $30/night to all destinations,Celebrate Summer Sale 30,https://jeswinkv.github.io/per_frame/temp/Discounts,https://jeswinkv.github.io/per_frame/temp/Discounts/O0036.PNG,https://jeswinkv.github.io/per_frame/temp/Discounts/O0036.PNG,,Discounts,Save $30/night to all destinations,Save $30/night to all destinations,Social Media,400.0,,Discounts,,FFP,Frequent Flyer Program,Gold,,,AA,American,Holiday,,,Summer,,,,,2019-06-01,2019-08-31,Air,AM,American Airways,Air,All,US,Individuals,All,,Gold,,
89,O0035,Celebrate Summer Sale 20. Save $20/night to all destinations,Celebrate Summer Sale 20,https://jeswinkv.github.io/per_frame/temp/Discounts,https://jeswinkv.github.io/per_frame/temp/Discounts/O0035.PNG,https://jeswinkv.github.io/per_frame/temp/Discounts/O0035.PNG,,Discounts,Save $20/night to all destinations,Save $20/night to all destinations,Social Media,100.0,,Discounts,,FFP,Frequent Flyer Program,Bronze,,,AA,American,Holiday,,,Summer,,,,,2019-07-01,2019-10-31,Air,AM,American Airways,Air,All,US,Individuals,All,,Bronze,,
90,O0084,Celebrate Fall Sale 40. Save $40/night to all destinations,Celebrate Fall Sale 40,https://jeswinkv.github.io/per_frame/temp/Discounts,https://jeswinkv.github.io/per_frame/temp/Discounts/O0084.PNG,https://jeswinkv.github.io/per_frame/temp/Discounts/O0084.PNG,,Discounts,Save $40/night to all destinations,Save $40/night to all destinations,Social Media,1000.0,,Discounts,,FFP,Frequent Flyer Program,Platinum,,,AA,American,Holiday,,,Fall Holidays,,,,,2019-09-15,2019-12-31,Air,AM,American Airways,Air,All,US,Individuals,All,,Platinum,,
91,O0083,Celebrate Fall Sale 30. Save $30/night to all destinations,Celebrate Fall Sale 30,https://jeswinkv.github.io/per_frame/temp/Discounts,https://jeswinkv.github.io/per_frame/temp/Discounts/O0083.PNG,https://jeswinkv.github.io/per_frame/temp/Discounts/O0083.PNG,,Discounts,Save $30/night to all destinations,Save $30/night to all destinations,Social Media,300.0,,Discounts,,FFP,Frequent Flyer Program,Gold,,,AA,American,Holiday,,,Fall Holidays,,,,,2019-09-15,2019-12-31,Air,AM,American Airways,Air,All,US,Individuals,All,,Gold,,
92,O0082,Celebrate Fall Sale 20. Save $20/night to all destinations,Celebrate Fall Sale 20,https://jeswinkv.github.io/per_frame/temp/Discounts,https://jeswinkv.github.io/per_frame/temp/Discounts/O0082.PNG,https://jeswinkv.github.io/per_frame/temp/Discounts/O0082.PNG,,Discounts,Save $20/night to all destinations,Save $20/night to all destinations,Social Media,50.0,,Discounts,,FFP,Frequent Flyer Program,Bronze,,,AA,American,Holiday,,,Fall Holidays,,,,,2019-09-15,2019-12-31,Air,AM,American Airways,Air,All,US,Individuals,All,,Bronze,,
93,O0038,35% with Budget. Save up to 35% with Budget,35% with Budget,https://jeswinkv.github.io/per_frame/temp/Discounts,https://jeswinkv.github.io/per_frame/temp/Discounts/O0038.PNG,https://jeswinkv.github.io/per_frame/temp/Discounts/O0038.PNG,,Discounts,Save up to 35% with Budget,Save up to 35% with Budget,Web,100.0,,Discounts,,FFP,Frequent Flyer Program,Bronze,,,BJT,Budget,Holiday,,,Vacation,,,,,2019-07-01,2019-10-31,Non Air,BJT,Budget,Cab,All,US,All,All,,Bronze,Web,All
94,O0061,35% Off 1000 miles. Redeem miles for discounts,35% Off 1000 miles,https://jeswinkv.github.io/per_frame/temp/Discounts,https://jeswinkv.github.io/per_frame/temp/Discounts/O0061.PNG,https://jeswinkv.github.io/per_frame/temp/Discounts/O0061.PNG,,Discounts,Redeem miles for discounts,Redeem miles for discounts,Web,100.0,,Discounts,New Subscribers Offers,FFP,Frequent Flyer Program,Bronze,,,,,,,,,,,,,2019-01-01,2019-03-31,Non Air,WLFF,WeLoveFunFit,E-commerce,20-30,US,New Subscribers  - Individuals,All,,Bronze,web,All
95,O0062,30$ off 2800 miles. Redeem miles for discounts,30$ off 2800 miles,https://jeswinkv.github.io/per_frame/temp/Discounts,https://jeswinkv.github.io/per_frame/temp/Discounts/O0062.PNG,https://jeswinkv.github.io/per_frame/temp/Discounts/O0062.PNG,,Discounts,Redeem miles for discounts,Redeem miles for discounts,Web,250.0,,Discounts,,FFP,Frequent Flyer Program,Gold,,,,,,,,,,,,,2019-06-01,2019-08-31,Non Air,WLFF,WeLoveFunFit,E-commerce,20-30,US,New Subscribers  - Individuals,All,,Gold,web,All
96,O0015,30$ off 280 miles. Redeem miles for discounts,30$ off 280 miles,https://jeswinkv.github.io/per_frame/temp/Discounts,https://jeswinkv.github.io/per_frame/temp/Discounts/O0015.PNG,https://jeswinkv.github.io/per_frame/temp/Discounts/O0015.PNG,Redemption,Discounts,Redeem miles for discounts,Redeem miles for discounts,Web,100.0,,Discounts,,FFP,Frequent Flyer Program,Gold,,,,Redeem offers,,,,,,,,,2019-07-01,2019-08-31,Non Air,WLFF,WeLoveFunFit,E-commerce,20-30,US,New Subscribers  - Individuals,All,,Gold,web,All
97,O0098,,Kids Snack Boxes,https://jeswinkv.github.io/per_frame/temp/Discounts,https://jeswinkv.github.io/per_frame/temp/Discounts/O0098.PNG,https://jeswinkv.github.io/per_frame/temp/Discounts/O0098.PNG,,Offers,,All-new meal boxes filled with fun and nutritious food while in flight,web,300.0,not for 12 years and above,Offers,Kids Offers,KC,Kids Club,Gold,,,OCK,Oryx Cards Kids Club,All,,,,,Birthday,,,2019-10-01,2019-12-31,Non Air,ORX,Oryx,Credit Card,< 12,US,Kids,All,,Gold,Web,Single
98,O0112,20% Discount on Kids Merchandise. 20% Discount for new-born baby essentials ,20% Discount on Kids Merchandise,https://jeswinkv.github.io/per_frame/temp/Discounts,https://jeswinkv.github.io/per_frame/temp/Discounts/O0112.PNG,https://jeswinkv.github.io/per_frame/temp/Discounts/O0112.PNG,,Discounts,20% Discount for new-born baby essentials ,20% Discount for new-born baby essentials ,web,300.0,not for above 5 years,Discounts,Kids Offers,KC,Kids Club,Gold,,,OCK,Oryx Cards Kids Club,All,,,,,Birthday,,,2019-03-01,2019-07-31,Non Air,ORX,Oryx,Credit Card,< 5,US,Kids,All,,Gold,Web,Single
99,O0014,15% Off 100 miles. Redeem miles for discounts,15% Off 100 miles,https://jeswinkv.github.io/per_frame/temp/Discounts,https://jeswinkv.github.io/per_frame/temp/Discounts/O0014.PNG,https://jeswinkv.github.io/per_frame/temp/Discounts/O0014.PNG,Redemption,Discounts,Redeem miles for discounts,Redeem miles for discounts,Web,100.0,,Discounts,New Subscribers Offers,FFP,Frequent Flyer Program,Bronze,,,,Redeem offers,,,,,,,,,2019-04-01,2019-07-31,Non Air,WLFF,WeLoveFunFit,E-commerce,20-30,US,New Subscribers  - Individuals,All,,Bronze,web,All
100,O0087,10%- Food & Bev. Get 10% off on F&B,10%- Food & Bev,https://jeswinkv.github.io/per_frame/temp/Discounts,https://jeswinkv.github.io/per_frame/temp/Discounts/O0087.PNG,https://jeswinkv.github.io/per_frame/temp/Discounts/O0087.PNG,,Discounts,Get 10% off on F&B,Get 10% off on F&B,Mobile,50.0,,Discounts,,,Frequent Flyer Program,Bronze,,,FB,Ancillary-Food & Bev ,,,,,,Birthday,Anniversary,,2019-09-15,2019-12-31,Air,AA,American Airways,Air,All,US,Individuals,All,,Bronze,Web,Married
101,O0090,10%  Seats. 10% discount on Xleg Seats,10%  Seats,https://jeswinkv.github.io/per_frame/temp/Discounts,https://jeswinkv.github.io/per_frame/temp/Discounts/O0090.PNG,https://jeswinkv.github.io/per_frame/temp/Discounts/O0090.PNG,,Discounts,10% discount on Xleg Seats,10% discount on Xleg Seats,Mobile,50.0,,Discounts,,,Frequent Flyer Program,Bronze,,,SS,Seats,,,,,,Birthday,Anniversary,,2019-01-01,2019-03-31,Air,AA,American Airways,Air,All,US,Individuals,All,,Bronze,Web,Married
102,O0103,,Senior First Winter 20,https://jeswinkv.github.io/per_frame/temp/Discounts,https://jeswinkv.github.io/per_frame/temp/Discounts/O0103.PNG,https://jeswinkv.github.io/per_frame/temp/Discounts/O0103.PNG,,Discounts,,Guests' age 65 and older are eligible for  20% discount for select Hotel rooms.,Mobile,300.0,Not for below 55 years,Discounts,Senior Citizens Offers,SCO,Frequent Flyer Program,Gold,,,SCO,Senior Citizens Discounts,Winter,,,,,Birthday,,,2019-12-01,2020-01-31,Non Air,MM,Marriot,Hotel,Above 65,US,Senior Citizens,All,,Gold,Web,Married
103,O0104,,Senior Ladies Winter30,https://jeswinkv.github.io/per_frame/temp/Discounts,https://jeswinkv.github.io/per_frame/temp/Discounts/O0104.PNG,https://jeswinkv.github.io/per_frame/temp/Discounts/O0104.PNG,,Discounts,,Guests' age 65 and older are eligible for  30% discount for select Hotel rooms.,Mobile,300.0,Not for below 55 years,Discounts,Senior Citizens Offers,SCO,Frequent Flyer Program,Gold,,,SCO,Senior Citizens Discounts,Winter,,,,,Birthday,,,2019-12-01,2020-01-31,Non Air,MM,Marriot,Hotel,Above 65,US,Senior Citizens,F,,Gold,Web,All
104,O0105,,SeniorGoRelax Winter30,https://jeswinkv.github.io/per_frame/temp/Discounts,https://jeswinkv.github.io/per_frame/temp/Discounts/O0105.PNG,https://jeswinkv.github.io/per_frame/temp/Discounts/O0105.PNG,,Discounts,,Guests' age 65 and older are eligible for  30% discount for select Hotel rooms and Cabs,Mobile,300.0,Not for below 55 years,Discounts,Senior Citizens Offers,SCO,Frequent Flyer Program,Gold,,,SCO,Senior Citizens Discounts,Winter,,,,,Birthday,,,2019-12-01,2020-01-31,Non Air,MM,Marriot,Hotel,Above 65,US,Senior Citizens,All,,Gold,Web,Married
105,O0088,10%  Food & Bev- Wine. Get 10% off on F&B-Wine,10%  Food & Bev- Wine,https://jeswinkv.github.io/per_frame/temp/Discounts,https://jeswinkv.github.io/per_frame/temp/Discounts/O0088.PNG,https://jeswinkv.github.io/per_frame/temp/Discounts/O0088.PNG,,Discounts,Get 10% off on F&B-Wine,Get 10% off on F&B-Wine,Mobile,50.0,not for <18 years of age,Discounts,,,Frequent Flyer Program,Bronze,,,FBW,wine,,,,,,Birthday,Anniversary,,2019-01-01,2019-03-31,Air,AA,American Airways,Air,All,US,Individuals,All,,Bronze,Web,Married
106,O0089,10%  Baggage and excess baggage. 15$ discount on excess baggage,10%  Baggage and excess baggage,https://jeswinkv.github.io/per_frame/temp/Discounts,https://jeswinkv.github.io/per_frame/temp/Discounts/O0089.PNG,https://jeswinkv.github.io/per_frame/temp/Discounts/O0089.PNG,,Discounts,15$ discount on excess baggage,15$ discount on excess baggage,Mobile,50.0,,Discounts,,,Frequent Flyer Program,Bronze,,,BB,Baggage,,,,,,Birthday,Anniversary,,2019-01-01,2019-03-31,Air,AA,American Airways,Air,All,US,Individuals,All,,Bronze,Web,Married
107,O0058,10 point per $1 . Make a purchase 10 miles per $1 . Earn point for every Dollar you spend,10 point per $1 ,https://jeswinkv.github.io/per_frame/temp/Discounts,https://jeswinkv.github.io/per_frame/temp/Discounts/O0058.PNG,https://jeswinkv.github.io/per_frame/temp/Discounts/O0058.PNG,,Coupons,Make a purchase 10 miles per $1 . Earn point for every Dollar you spend,Make a purchase 10 miles per $1 . Earn point for every Dollar you spend,Web,50.0,,Cash,New Subscribers Offers,FFP,Frequent Flyer Program,Bronze,,,,,,,,,,,,,2019-01-01,2019-03-31,Non Air,WLFF,WeLoveFunFit,E-commerce,20-30,US,New Subscribers  - Individuals,All,,Bronze,web,All
108,O0109,,Kids Snack Boxes,https://jeswinkv.github.io/per_frame/temp/Discounts,https://jeswinkv.github.io/per_frame/temp/Discounts/O0109.PNG,https://jeswinkv.github.io/per_frame/temp/Discounts/O0109.PNG,,Offers,,All-new meal boxes filled with fun and nutritious food while in flight,web,300.0,not for 12 years and above,Offers,Kids Offers,KC,Kids Club,Gold,,,OCK,Oryx Cards Kids Club,All,,,,,Birthday,,,2019-03-01,2019-07-31,Non Air,ORX,Oryx,Credit Card,< 12,US,Kids,All,,Gold,Web,Single
109,O0011,1 point per $1 . Make a purchase 1 point per $1 . Earn point for every Dollar you spend,1 point per $1 ,https://jeswinkv.github.io/per_frame/temp/Discounts,https://jeswinkv.github.io/per_frame/temp/Discounts/O0011.PNG,https://jeswinkv.github.io/per_frame/temp/Discounts/O0011.PNG,,Coupons,Make a purchase 1 point per $1 . Earn point for every Dollar you spend,Make a purchase 1 point per $1 . Earn point for every Dollar you spend,Web,50.0,,Cash,New Subscribers Offers,FFP,Frequent Flyer Program,Bronze,,,,Redeem offers,,,,,,,,,2019-07-01,2019-10-31,Non Air,WLFF,WeLoveFunFit,E-commerce,20-30,US,New Subscribers  - Individuals,All,,Bronze,web,All
110,O0085,$35 with Budget. Save up to $35 with Budget,$35 with Budget,https://jeswinkv.github.io/per_frame/temp/Discounts,https://jeswinkv.github.io/per_frame/temp/Discounts/O0085.PNG,https://jeswinkv.github.io/per_frame/temp/Discounts/O0085.PNG,,Discounts,Save up to $35 with Budget,Save up to $35 with Budget,Web,50.0,,Discounts,,FFP,Frequent Flyer Program,Bronze,,,BJT,Budget,Holiday,,,Fall Holidays,,,,,2019-09-15,2019-12-31,Non Air,BJT,Budget,Cab,All,US,All,All,,Bronze,Web,All
111,O0060,$10 off 200 miles. Redeem miles for discounts,$10 off 200 miles,https://jeswinkv.github.io/per_frame/temp/Discounts,https://jeswinkv.github.io/per_frame/temp/Discounts/O0060.PNG,https://jeswinkv.github.io/per_frame/temp/Discounts/O0060.PNG,,Discounts,Redeem miles for discounts,Redeem miles for discounts,Web,50.0,,Discounts,New Subscribers Offers,FFP,Frequent Flyer Program,Bronze,,,,,,,,,,,,,2019-01-01,2019-03-31,Non Air,WLFF,WeLoveFunFit,E-commerce,20-30,US,New Subscribers  - Individuals,All,,Bronze,web,All
112,O0113,,NidoKidos Discount 20 on select stores,https://jeswinkv.github.io/per_frame/temp/Discounts,https://jeswinkv.github.io/per_frame/temp/Discounts/O0113.PNG,https://jeswinkv.github.io/per_frame/temp/Discounts/O0113.PNG,,Discounts,,20% Discount for new-born baby essentials – everything from clothing to gift sets at Nidokidos Stores,web,300.0,not for above 5 years,Discounts,Kids Offers,KC,Kids Club,Gold,,,OCK,Oryx Cards Kids Club,All,,,,,Birthday,,,2019-03-01,2019-07-31,Non Air,ORX,Oryx,Credit Card,< 5,US,Kids,All,,Gold,Web,Single
113,O0013,$10 off 100 miles. Redeem miles for discounts,$10 off 100 miles,https://jeswinkv.github.io/per_frame/temp/Discounts,https://jeswinkv.github.io/per_frame/temp/Discounts/O0013.PNG,https://jeswinkv.github.io/per_frame/temp/Discounts/O0013.PNG,Redemption,Discounts,Redeem miles for discounts,Redeem miles for discounts,Web,100.0,,Discounts,New Subscribers Offers,FFP,Frequent Flyer Program,Bronze,,,,Redeem offers,,,,,,,,,2019-04-01,2019-07-31,Non Air,WLFF,WeLoveFunFit,E-commerce,20-30,US,New Subscribers  - Individuals,All,,Bronze,web,All
114,O0115,,Enjoy Specially Priced Theme Park Tickets in 2020,,,,,Discounts,,Purchase now till 1-Dec-2020 for the Disney 4 Day  Platinum Promotional Ticket,All,250.0,,Discounts,Tickets,DPP,Disney Platinum Promotions,Platinum,Platinum,Theme Parks,DRH,Disney Theme Parks,Fall,,,,,,,,2020-09-01,2020-12-31,Non Air,DIS,Walt Disney Co.,Entertainment,>19,All,All,All,,Gold,Web,All
115,O0116,,"Residents of AL,LA,NY,TN: Save upto 30% on Rooms in Disney Hotels",,,,Regional Promos,Discounts,,"Stays most nights from Sep 2020 - Dec 2020
Book Through December 2020
",All,200.0,,Discounts,Regional Promos,GP,Gold Pass holders,Gold,Gold,Hotels,DRH,Disney Resort Hotels,Fall,,,,,,,,2020-09-01,2020-12-31,Non Air,DIS,Walt Disney Co.,Entertainment,>20,All,All,All,,Gold,Web,All
116,O0117,,Enjoy Free Shipping on Disney Merchandise above $100,,,,,Offer,,Enjoy Free Ground Shipping on Disney Products - Choose from Walt Disney World Products Online or Shop Disney parks App.,Web,100.0,not for purchase  below 100 USD,Offer,Free Shipping,FGS,Free Ground Shipping,All,All,Hotel & Theme Park,DS,Disney Resort Hotels,All,,,,,,,,2020-08-01,2010-11-01,Non Air,DIS,Walt Disney Co.,Entertainment,,All,All,All,,Platinum,Web,All
117,O0118,,Save up to $500 Magic,,,,,Offer,,Magic is here!Save up to 500 USD on 5-Night  Room & Ticket Package at Select Disney Resort Hotels,Web,100.0,,Offer,Room and Ticket Package,DPP,Disney Platinum Promotions,Gold,All,Hotel & Theme Park,DS,Disney Resort Hotels,All,,,,,,,,2020-08-01,2010-11-01,Non Air,DIS,Walt Disney Co.,Entertainment,,All,All,All,,Platinum,Web,All
118,O0119,,Save 40% with a 4-Day Disney Ticket,,,,Regional Promos,Discounts,,Antalia Residents can experience the magic of the Walt Disney World Resort theme parks and save big on tickets!,All,250.0,,Discounts,Tickets,DPP,Disney Platinum Promotions,Platinum,Platinum,Theme Parks,DRH,Disney Theme Parks,Fall,,,,,,,,2020-09-01,2020-12-31,Non Air,DIS,Walt Disney Co.,Entertainment,>19,All,All,All,,Gold,Web,All
119,O0120,,Save Up to 35% on Disney Rooms,,,,Regional Promos,Discounts,,,Web,300.0,,Discounts,Rooms,GP,Gold Pass holders,Gold,Gold,Hotels,DRH,Disney Resort Hotels,Fall,,,,,,,,2020-07-01,2020-12-31,Non Air,DIS,Walt Disney Co.,Entertainment,>18,All,All,All,,Gold,Web,All
120,O0121,,"Exclusive Disney Extras on Packages
",,,,,Offers,,"Enjoy great benefits when you book Hotel+ Ticket Packages  with Walt Disney Travel Company!
For arrivals 1st Sep 2020 to 31st December 2021
Book by 31st October 2021",Web,300.0,,Offer,Room and Ticket Package,DPP,Disney Platinum Promotions,Gold,All,Hotel & Theme Park,DS,Disney Resort Hotels,All,,,,,,,,2020-08-01,2010-11-01,Non Air,DIS,Walt Disney Co.,Entertainment,,All,All,All,,Platinum,Web,All
121,O0043, à la carte - Seats. 10% discount on Xleg Seats, à la carte - Seats,https://jeswinkv.github.io/per_frame/temp/Discounts,https://jeswinkv.github.io/per_frame/temp/Discounts/O0043.PNG,https://jeswinkv.github.io/per_frame/temp/Discounts/O0043.PNG,,Discounts,10% discount on Xleg Seats,10% discount on Xleg Seats,Web,50.0,,Discounts,,,Frequent Flyer Program,Bronze,,,SS,Seats,,,,,,Birthday,Anniversary,,2019-09-01,2019-10-31,Air,AA,American Airways,Air,All,US,Individuals,All,,Bronze,Web,Married
122,O1111,,,,,,,,,15% off at THEWORKS for Family entries,,,,,,,,,,,,,,,,,,,,,,,,,,,,,,,,,,
