,OfferId,OfferName,OfferType,Offer Category,OfferContent,Offer Channel,Points,ExclusionCategory,BenefitType,Point Type,Program Code,Program Name,ProgramTier,Program Point Type,Product Category,Product Code,Product Name,Season,Month,Week Day,Holiday,Week End,Birth Day,Wedding Anniversary ,Duration,Start Date,End Date,Partner Category,Partner Code,Partner Name,Partner Type,Targeted Age,Targetted Nationality,Targetted Preference Group,Targeted Gender,Targetted Type,Targeted Tier,Targetted Channel,Targeted Marital Status
0,O0095,Go Kido,,Offers,Loyalty Offer exclusively for Kids Under 12,Web,50,not for 12 years and above,Offers,Kids Offers,KC,Kids Club,Bronze,,,OCK,Oryx Cards Kids Club,All,,,,,,,,2019-07-01,2019-10-31,Non Air,ORX,Oryx,Credit Card,< 12,US,Kids,All,,Bronze,Web,Single
1,O0096,Teddy Bear Feast,,Offers,Loyalty Offerfor Kids under 12 years,Web,50,not for 12 years and above,Offers,Kids Offers,KC,Kids Club,Bronze,,,OCK,Oryx Cards Kids Club,All,,,,,,,,2019-07-01,2019-10-31,Non Air,ORX,Oryx,Credit Card,< 12,US,Kids,All,,Bronze,Web,Single
2,O0106,Go Kido,,Offers,Loyalty Offer exclusively for Kids Under 12,Web,50,not for 12 years and above,Offers,Kids Offers,KC,Kids Club,Bronze,,,OCK,Oryx Cards Kids Club,All,,,,,,,,2019-01-01,2019-03-31,Non Air,ORX,Oryx,Credit Card,< 12,US,Kids,All,,Bronze,Web,Single
3,O0107,Teddy Bear Feast,,Offers,Loyalty Offerfor Kids under 12 years,Web,50,not for 12 years and above,Offers,Kids Offers,KC,Kids Club,Bronze,,,OCK,Oryx Cards Kids Club,All,,,,,,,,2019-01-01,2019-03-31,Non Air,ORX,Oryx,Credit Card,< 12,US,Kids,All,,Bronze,Web,Single
4,O0010,Join the world for 50,,Coupons,Create an account gain 50 points,Web,100,,Cash,New Subscribers Offers,FFP,Frequent Flyer Program,Bronze,,,,Refer a friend,,,,,,,,,2019-06-01,2019-08-31,Non Air,WLFF,WeLoveFunFit,E-commerce,20-30,US,New Subscribers  - Individuals,All,,Bronze,web,All
5,O0011,1 point per $1 ,,Coupons,Make a purchase 1 point per $1 . Earn point for every Dollar you spend,Web,50,,Cash,New Subscribers Offers,FFP,Frequent Flyer Program,Bronze,,,,Redeem offers,,,,,,,,,2019-07-01,2019-10-31,Non Air,WLFF,WeLoveFunFit,E-commerce,20-30,US,New Subscribers  - Individuals,All,,Bronze,web,All
6,O0012,Friend-50,,Coupons,Refer a friend earn 50 points,Web,50,,Cash,New Subscribers Offers,FFP,Frequent Flyer Program,Bronze,,,,Redeem offers,,,,,,,,,2019-07-01,2019-10-31,Non Air,WLFF,WeLoveFunFit,E-commerce,20-30,US,New Subscribers  - Individuals,All,,Bronze,web,All
7,O0013,$10 off 100 points,Redemption,Discounts,Redeem points for discounts,Web,100,,Discounts,New Subscribers Offers,FFP,Frequent Flyer Program,Bronze,,,,Redeem offers,,,,,,,,,2019-04-01,2019-07-31,Non Air,WLFF,WeLoveFunFit,E-commerce,20-30,US,New Subscribers  - Individuals,All,,Bronze,web,All
8,O0014,15% Off 100 Points,Redemption,Discounts,Redeem points for discounts,Web,100,,Discounts,New Subscribers Offers,FFP,Frequent Flyer Program,Bronze,,,,Redeem offers,,,,,,,,,2019-04-01,2019-07-31,Non Air,WLFF,WeLoveFunFit,E-commerce,20-30,US,New Subscribers  - Individuals,All,,Bronze,web,All
9,O0057,Join the world for 2000,,Coupons,Create an account gain 2000 points,Web,50,,Cash,New Subscribers Offers,FFP,Frequent Flyer Program,Bronze,,,,,,,,,,,,,2019-01-01,2019-03-31,Non Air,WLFF,WeLoveFunFit,E-commerce,20-30,US,New Subscribers  - Individuals,All,,Bronze,web,All
10,O0058,10 point per $1 ,,Coupons,Make a purchase 10 points per $1 . Earn point for every Dollar you spend,Web,50,,Cash,New Subscribers Offers,FFP,Frequent Flyer Program,Bronze,,,,,,,,,,,,,2019-01-01,2019-03-31,Non Air,WLFF,WeLoveFunFit,E-commerce,20-30,US,New Subscribers  - Individuals,All,,Bronze,web,All
11,O0059,Friend-500,,Coupons,Refer a friend earn 500 points,Web,50,,Cash,New Subscribers Offers,FFP,Frequent Flyer Program,Bronze,,,,,,,,,,,,,2019-01-01,2019-03-31,Non Air,WLFF,WeLoveFunFit,E-commerce,20-30,US,New Subscribers  - Individuals,All,,Bronze,web,All
12,O0060,$10 off 200 points,,Discounts,Redeem points for discounts,Web,50,,Discounts,New Subscribers Offers,FFP,Frequent Flyer Program,Bronze,,,,,,,,,,,,,2019-01-01,2019-03-31,Non Air,WLFF,WeLoveFunFit,E-commerce,20-30,US,New Subscribers  - Individuals,All,,Bronze,web,All
13,O0061,35% Off 1000 Points,,Discounts,Redeem points for discounts,Web,100,,Discounts,New Subscribers Offers,FFP,Frequent Flyer Program,Bronze,,,,,,,,,,,,,2019-01-01,2019-03-31,Non Air,WLFF,WeLoveFunFit,E-commerce,20-30,US,New Subscribers  - Individuals,All,,Bronze,web,All
14,O0001,Early Access Offer,Accruals ,Promotions,New Product that’s not officially Launched,Loyalty Membership,50,,Points,Loyalty Bonus Status Credits,EAP,Early Access Program,Bronze,TLBS,,P1,Product 1,Summer 2020,April ,,,,,,,2019-06-01,2019-08-31,Air,QF,Qantas Airways,,40-65,Europe,Corporates,All,,Bronze,Credit Card,Both
15,O0048,Early Bird  Offer,,Promotions,New Product that’s not officially Launched,Loyalty Membership,50,not for <18 years of age,Points,Loyalty Bonus Status Credits,EAP,Early Access Program,Bronze,TLBS,,P1,Product 1,Summer 2020,April ,,,,,,,2019-01-01,2019-03-31,Air,QF,Qantas Airways,,40-65,Europe,Corporates,All,,Bronze,Credit Card,Both
16,O0016,Target 10,,Discounts,10% Discount on your next Target Store Visit,Web,100,,Discounts,,FFP,Frequent Flyer Program,Bronze,,,,Target Discounts,,,,,,,,,2019-07-01,2019-08-31,,TC,Target Corp,Retail,All,,,,,Bronze,,All
17,O0017,Target 15,,Discounts,15% Discount on your next Target Store Visit,Web,150,,Discounts,,FFP,Frequent Flyer Program,Bronze,,,,Target Discounts,,,,,,,,,2019-07-01,2019-08-31,,TC,Target Corp,Retail,All,,,,,Bronze,,All
18,O0019,Walmart 10,,Discounts,10% Discount on your next Walmart Store Visit,Web,100,,Discounts,,FFP,Frequent Flyer Program,Bronze,,,,walmart discounts,,,,,,,,,2019-07-01,2019-12-31,,TC,Walmart Corp,Retail,All,,,,,Bronze,,All
19,O0020,Walmart 15,,Discounts,15% Discount on your next Walmart Store Visit,Web,100,,Discounts,,FFP,Frequent Flyer Program,Bronze,,,,walmart discounts,,,,,,,,,2019-07-01,2019-12-31,,TC,Walmart Corp,Retail,All,,,,,Bronze,,All
20,O0025,Earn 2x with Chase Sapphire Preferred,,Points,Earn 2x Points on All Travel and Dining Purchases [$300],Social Media,100,,Points,,FFP,Frequent Flyer Program,Bronze,,,AB,Airbnb,Winter 20,Jan,,,Weekend Offers,,,,2019-01-01,2019-05-31,Non Air,AB2,Airbnb,Booking ,All,US,Individuals,All,,Bronze,Social Media,All
21,O0026,Earn 2x with Chase Sapphire Preferred,,Points,Earn 2x Points on All Travel and Dining Purchases [$300],Social Media,100,,Points,,FFP,Frequent Flyer Program,Bronze,,,UU,Uber,Winter 21,Feb,,,Weekend Offers,,,,2019-01-01,2019-05-31,,UU,Uber,Cab,All,US,Individuals,All,,Bronze,Social Media,All
22,O0027,Earn 2x with Chase Sapphire Preferred,,Points,Earn 2x Points on All Travel and Dining Purchases [$300],Social Media,50,,Points,,FFP,Frequent Flyer Program,Bronze,,,BCLA,Barista Coffee,Winter 22,Jan,,,Weekend Offers,,,,2019-01-01,2019-05-31,,BCLA,Barista Coffee,Eat,All,US,Individuals,All,,Bronze,Social Media,All
23,O0028,Earn 2x with Chase Sapphire Preferred,,Points,Earn 2x Points on All Travel and Dining Purchases [$300],Social Media,50,,Points,,FFP,Frequent Flyer Program,Bronze,,,EXP,Expedia,Winter 23,Feb,,,Weekend Offers,,,,2019-01-01,2019-05-31,Non Air,EXP,Expedia,Booking ,All,US,Individuals,All,,Bronze,Social Media,All
24,O0029,JULY 4 15,,Discounts,Upto 15% off on Flight Fees,Web,100,,Discounts,,FFP,Frequent Flyer Program,Bronze,,,,,Holiday,July,1.0,Independence Day,,,,,2019-07-01,2019-07-31,Air,LF,Luftanza,Air,All,US,Individuals,All,,Bronze,web,All
25,O0030,Buy & Earn Miles with ABC,,Points,"Buy miles now, together sooner. Earn up to 120,000 bonus miles when you buy or gift ABC miles",Web,200,,Points,,FFP,Frequent Flyer Program,Bronze,,,,,Holiday,,,Vacation,,,,,2019-07-01,2019-10-31,Air,AA,ABC Card,Credit Card,All,US,Individuals,All,,Bronze,,
26,O0031,Earn miles with ABC,,Points,Earn more miles on your purchase when you use your eligible ABC  credit card.,Web,100,,Points,,FFP,Frequent Flyer Program,Bronze,,,,,Holiday,,,Vacation,,,,,2019-07-01,2019-10-31,Air,AA,ABC Card,Credit Card,All,US,Individuals,All,,Bronze,,
27,O0035,Celebrate Summer Sale 20,,Discounts,Save $20/night to all destinations,Social Media,100,,Discounts,,FFP,Frequent Flyer Program,Bronze,,,AA,American,Holiday,,,Summer,,,,,2019-07-01,2019-10-31,Air,AM,Americal Airways,Air,All,US,Individuals,All,,Bronze,,
28,O0038,35% with Budget,,Discounts,Save up to 35% with Budget,Web,100,,Discounts,,FFP,Frequent Flyer Program,Bronze,,,BJT,Budget,Holiday,,,Vacation,,,,,2019-07-01,2019-10-31,Non Air,BJT,Budget,Cab,All,US,All,All,,Bronze,Web,All
29,O0039,Earn miles with every stay,,Points,"Book hotels and earn up to 10,000 miles per night on select properties.",Web,200,,Points,,FFP,Frequent Flyer Program,Bronze,,,MM,Marriot,,,,,,,,,2019-07-01,2019-10-31,,MM,Marriot,Hotel,All,US,Individuals,All,,Bronze,Web,Married
30,O0040, à la carte - Food & Bev,,Discounts,Get 10% off on F&B,Web,200,,Discounts,,,Frequent Flyer Program,Bronze,,,FB,Ancillary-Food & Bev ,,,,,,Birthday,Anniversary,,2019-07-01,2019-10-31,Air,AA,American Airways,Air,All,US,Individuals,All,,Bronze,Web,Married
31,O0041, à la carte - Food & Bev- Wine,,Discounts,Get 10% off on F&B-Wine,Web,100,not for <18 years of age,Discounts,,,Frequent Flyer Program,Bronze,,,FBW,wine,,,,,,Birthday,Anniversary,,2019-01-01,2019-03-31,Air,AA,American Airways,Air,All,US,Individuals,All,,Bronze,Web,Married
32,O0042, à la carte - Baggage and excess baggage,,Discounts,15$ discount on excess baggage,Web,50,,Discounts,,,Frequent Flyer Program,Bronze,,,BB,Baggage,,,,,,Birthday,Anniversary,,2019-09-01,2019-10-31,Air,AA,American Airways,Air,All,US,Individuals,All,,Bronze,Web,Married
33,O0043, à la carte - Seats,,Discounts,10% discount on Xleg Seats,Web,50,,Discounts,,,Frequent Flyer Program,Bronze,,,SS,Seats,,,,,,Birthday,Anniversary,,2019-09-01,2019-10-31,Air,AA,American Airways,Air,All,US,Individuals,All,,Bronze,Web,Married
34,O0044,Early Bird 10,,Discounts, à la carte - 10% discount on early boarding for F&B,Web,50,,Discounts,,,Frequent Flyer Program,Bronze,,,EB,Early Boarding,,,,,,Birthday,Anniversary,,2019-09-01,2019-10-31,Air,AA,American Airways,Air,All,US,Individuals,All,,Bronze,Web,Married
35,O0045,Marriot 15,,Discounts, 15% discount at Marriot,Web,50,,Discounts,,,Frequent Flyer Program,Bronze,,,MM,Marriot,,,,,,Birthday,Anniversary,,2019-09-01,2019-10-31,Non Air,MM,Marriot,Hotel,All,US,Individuals,All,,Bronze,Web,Married
36,O0046,Uber 10,,Discounts,10% discuount with Uber Cabs,Web,50,,Discounts,,,Frequent Flyer Program,Bronze,,,UU,Uber,,,,,,Birthday,Anniversary,,2019-09-01,2019-10-31,Non Air,UU,Uber,Cab,All,US,Individuals,All,,Bronze,Web,Married
37,O0047,TI 10,,Discounts,10$ discount on Travel Insurance with TT insurance,Web,50,,Discounts,,,Frequent Flyer Program,Bronze,,,TI,TT Insurance,,,,,,Birthday,Anniversary,,2019-09-01,2019-10-31,Non Air,TI,TT Insurance,Insurance,All,US,Individuals,All,,Bronze,Web,Married
38,O0055,Member Only - Fun 50 Br,,Promotions,Redeem new products listed exclusively for Bronze members,Mobile,50,,Discounts,,FFP,Frequent Flyer Program,Bronze,,,MM-O4,Member Only Offers,Summer 2021,May,,,,,,,2019-01-01,2019-03-31,Non Air,,,,All,,,,,Bronze,,All
39,O0056,Member Only - Fun 50 New,,Promotions,Redeem new products listed exclusively for New members,Mobile,50,,Discounts,,FFP,Frequent Flyer Program,Bronze,,,MM-O5,Member Only Offers,Summer 2022,June,,,,,,,2019-01-01,2019-03-31,Non Air,,,,All,,,,,Bronze,web,All
40,O0063,Summer Target 10,,Discounts,10% Discount on your next Target Store Visit,Web,100,,Discounts,,FFP,Frequent Flyer Program,Bronze,,,,,Summer ,May,,Summer,,,,,2019-01-01,2019-03-31,,TC,Target Corp,Retail,All,,,,,Bronze,,All
41,O0064,Summer Target 15,,Discounts,15% Discount on your next Target Store Visit,Web,100,,Discounts,,FFP,Frequent Flyer Program,Bronze,,,,,Summer ,May,,Summer,,,,,2019-01-01,2019-03-31,,TC,Target Corp,Retail,All,,,,,Bronze,,All
42,O0066,Summer Walmart 10,,Discounts,10% Discount on your next Walmart Store Visit,Web,100,,Discounts,,FFP,Frequent Flyer Program,Bronze,,,,,Summer ,May,,Summer,,,,,2019-01-01,2019-03-31,,TC,Walmart Corp,Retail,All,,,,,Bronze,,All
43,O0067,Summer Walmart 15,,Discounts,15% Discount on your next Walmart Store Visit,Web,100,,Discounts,,FFP,Frequent Flyer Program,Bronze,,,,,Summer ,May,,Summer,,,,,2019-01-01,2019-03-31,,TC,Walmart Corp,Retail,All,,,,,Bronze,,All
44,O0072,Earn 2x with Chase Sapphire Preferred,,Points,Earn 2x Points on All Travel and Dining Purchases [$300],Social Media,100,,Points,,FFP,Frequent Flyer Program,Bronze,,,AB,Airbnb,Winter 20,Jan,,,Weekend Offers,,,,2019-01-01,2019-03-31,Non Air,AB2,Airbnb,Booking ,All,US,Individuals,All,,Bronze,Social Media,All
45,O0073,Earn 3x with Chase Sapphire Preferred,,Points,Earn 3x Points on All Travel and Dining Purchases [$300],Social Media,100,,Points,,FFP,Frequent Flyer Program,Bronze,,,UU,Uber,Winter 21,Feb,,,Weekend Offers,,,,2019-01-01,2019-03-31,,UU,Uber,Cab,All,US,Individuals,All,,Bronze,Social Media,All
46,O0074,Earn 2x with Chase Platinum  Preferred,,Points,Earn 2x Points on All Travel and Dining Purchases [$300],Social Media,100,,Points,,FFP,Frequent Flyer Program,Bronze,,,BCLA,Barista Coffee,Winter 22,Jan,,,Weekend Offers,,,,2019-01-01,2019-03-31,,BCLA,Barista Coffee,Eat,All,US,Individuals,All,,Bronze,Social Media,All
47,O0075,Earn 3x with Chase Platinum Preferred,,Points,Earn 3x Points on All Travel and Dining Purchases [$300],Social Media,100,,Points,,FFP,Frequent Flyer Program,Bronze,,,EXP,Expedia,Winter 23,Feb,,,Weekend Offers,,,,2019-01-01,2019-03-31,Non Air,EXP,Expedia,Booking ,All,US,Individuals,All,,Bronze,Social Media,All
48,O0076,JULY 4k 15,,Discounts,Upto 15% off on Flight Fees,Web,100,,Discounts,,FFP,Frequent Flyer Program,Bronze,,,,,Holiday,July,1.0,Independence Day,,,,,2019-01-01,2019-03-31,Air,LF,Luftanza,Air,All,US,Individuals,All,,Bronze,web,All
49,O0077,Buy & Earn 2k Miles with ABC,,Points,"Buy miles now, together sooner. Earn up to 120,000 bonus miles when you buy or gift ABC miles",Web,100,,Points,,FFP,Frequent Flyer Program,Bronze,,,,,Holiday,,,Vacation,,,,,2019-01-01,2019-03-31,Air,AA,ABC Card,Credit Card,All,US,Individuals,All,,Bronze,,
50,O0078,Earn 2x miles with ABC,,Points,Earn more miles on your purchase when you use your eligible ABC  credit card.,Web,50,,Points,,FFP,Frequent Flyer Program,Bronze,,,,,Holiday,,,Vacation,,,,,2019-01-01,2019-03-31,Air,AA,ABC Card,Credit Card,All,US,Individuals,All,,Bronze,,
51,O0082,Celebrate Fall Sale 20,,Discounts,Save $20/night to all destinations,Social Media,50,,Discounts,,FFP,Frequent Flyer Program,Bronze,,,AA,American,Holiday,,,Fall Holidays,,,,,2019-09-15,2019-12-31,Air,AM,Americal Airways,Air,All,US,Individuals,All,,Bronze,,
52,O0085,$35 with Budget,,Discounts,Save up to $35 with Budget,Web,50,,Discounts,,FFP,Frequent Flyer Program,Bronze,,,BJT,Budget,Holiday,,,Fall Holidays,,,,,2019-09-15,2019-12-31,Non Air,BJT,Budget,Cab,All,US,All,All,,Bronze,Web,All
53,O0086,Earn10k miles every stay,,Points,"Book hotels and earn up to 10,000 miles per night on select properties.",Social Media,50,,Points,,FFP,Frequent Flyer Program,Bronze,,,MM,Marriot,,,,,,,,,2019-09-15,2019-12-31,,MM,Marriot,Hotel,All,US,Individuals,All,,Bronze,Web,Married
54,O0087,10%- Food & Bev,,Discounts,Get 10% off on F&B,Mobile,50,,Discounts,,,Frequent Flyer Program,Bronze,,,FB,Ancillary-Food & Bev ,,,,,,Birthday,Anniversary,,2019-09-15,2019-12-31,Air,AA,American Airways,Air,All,US,Individuals,All,,Bronze,Web,Married
55,O0088,10%  Food & Bev- Wine,,Discounts,Get 10% off on F&B-Wine,Mobile,50,not for <18 years of age,Discounts,,,Frequent Flyer Program,Bronze,,,FBW,wine,,,,,,Birthday,Anniversary,,2019-01-01,2019-03-31,Air,AA,American Airways,Air,All,US,Individuals,All,,Bronze,Web,Married
56,O0089,10%  Baggage and excess baggage,,Discounts,15$ discount on excess baggage,Mobile,50,,Discounts,,,Frequent Flyer Program,Bronze,,,BB,Baggage,,,,,,Birthday,Anniversary,,2019-01-01,2019-03-31,Air,AA,American Airways,Air,All,US,Individuals,All,,Bronze,Web,Married
57,O0090,10%  Seats,,Discounts,10% discount on Xleg Seats,Mobile,50,,Discounts,,,Frequent Flyer Program,Bronze,,,SS,Seats,,,,,,Birthday,Anniversary,,2019-01-01,2019-03-31,Air,AA,American Airways,Air,All,US,Individuals,All,,Bronze,Web,Married
58,O0091,Early Bird 20,,Discounts, à la carte - 20% discount on early boarding for F&B,Mobile,50,,Discounts,,,Frequent Flyer Program,Bronze,,,EB,Early Boarding,,,,,,Birthday,Anniversary,,2019-01-01,2019-03-31,Air,AA,American Airways,Air,All,US,Individuals,All,,Bronze,Web,Married
59,O0092,Marriot 20,,Discounts,20% discount at Marriot,Mobile,50,,Discounts,,,Frequent Flyer Program,Bronze,,,MM,Marriot,,,,,,Birthday,Anniversary,,2019-01-01,2019-03-31,Non Air,MM,Marriot,Hotel,All,US,Individuals,All,,Bronze,Web,Married
60,O0093,Uber 20,,Discounts,20% discuount with Uber Cabs,Mobile,50,,Discounts,,,Frequent Flyer Program,Bronze,,,UU,Uber,,,,,,Birthday,Anniversary,,2019-01-01,2019-03-31,Non Air,UU,Uber,Cab,All,US,Individuals,All,,Bronze,Web,Married
61,O0094,TI 20,,Discounts,20$ discount on Travel Insurance with TT insurance,Mobile,50,,Discounts,,,Frequent Flyer Program,Bronze,,,TI,TT Insurance,,,,,,Birthday,Anniversary,,2019-01-01,2019-03-31,Non Air,TI,TT Insurance,Insurance,All,US,Individuals,All,,Bronze,Web,Married
62,O0099,Wherever Family,,Discounts,15% off at THEWORKS,web,300,not for below 18 years,Discounts,Kids Offers,KC,Kids Club,Gold,,,OCK,Oryx Cards Kids Club,All,,,,,Birthday,,,2019-10-01,2019-12-31,Non Air,ORX,Oryx,Credit Card,12 -20,US,Kids,All,,Gold,Web,Single
63,O0100,DISNEY MOVIE REWARDS:,,Discounts,15% discount for signing up for sign up for the Disney movie loyalty cards,web,300,Under 18,Discounts,Kids Offers,KC,Kids Club,Gold,,,OCK,Oryx Cards Kids Club,All,,,,,Birthday,,,2019-10-01,2019-12-31,Non Air,ORX,Oryx,Credit Card,12 -20,US,Kids,All,,Gold,Web,Single
64,O0101,GAME REWARD:,,Discounts,10% Off for every game that you buy,web,300,not for below 12 years ,Discounts,Kids Offers,KC,Kids Club,Gold,,,OCK,Oryx Cards Kids Club,All,,,,,Birthday,,,2019-10-01,2019-12-31,Non Air,ORX,Oryx,Credit Card,12 -20,US,Kids,All,,Gold,Web,Single
65,O0097,Kids Lounge,,Offers,Lounge Offer for Kids,Web,300,not for 12 years and above,Offers,Kids Offers,KC,Kids Club,Gold,,,OCK,Oryx Cards Kids Club,All,,,,,Birthday,,,2019-12-01,2020-01-31,Non Air,ORX,Oryx,Credit Card,< 12,US,Kids,All,,Gold,Web,Single
66,O0098,Kids Snack Boxes,,Offers,All-new meal boxes filled with fun and nutritious food while in flight,web,300,not for 12 years and above,Offers,Kids Offers,KC,Kids Club,Gold,,,OCK,Oryx Cards Kids Club,All,,,,,Birthday,,,2019-10-01,2019-12-31,Non Air,ORX,Oryx,Credit Card,< 12,US,Kids,All,,Gold,Web,Single
67,O0108,Kids Lounge,,Offers,Lounge Offer for Kids,Web,300,not for 12 years and above,Offers,Kids Offers,KC,Kids Club,Gold,,,OCK,Oryx Cards Kids Club,All,,,,,Birthday,,,2019-01-01,2019-03-31,Non Air,ORX,Oryx,Credit Card,< 12,US,Kids,All,,Gold,Web,Single
68,O0109,Kids Snack Boxes,,Offers,All-new meal boxes filled with fun and nutritious food while in flight,web,300,not for 12 years and above,Offers,Kids Offers,KC,Kids Club,Gold,,,OCK,Oryx Cards Kids Club,All,,,,,Birthday,,,2019-03-01,2019-07-31,Non Air,ORX,Oryx,Credit Card,< 12,US,Kids,All,,Gold,Web,Single
69,O0102,HARRODS REWARDS:,,Discounts,20% Discount for newborn baby essentials – everything from clothing to gift sets at Harrods,web,300,not for above 5 years,Discounts,Kids Offers,KC,Kids Club,Gold,,,OCK,Oryx Cards Kids Club,All,,,,,Birthday,,,2019-10-01,2019-12-31,Non Air,ORX,Oryx,Credit Card,< 5,US,Kids,All,,Gold,Web,Single
70,O0110,HARRODS REWARDS:,,Discounts,20% Discount for newborn baby essentials – everything from clothing to gift sets at Harrods,web,300,not for above 5 years,Discounts,Kids Offers,KC,Kids Club,Gold,,,OCK,Oryx Cards Kids Club,All,,,,,Birthday,,,2019-03-01,2019-07-31,Non Air,ORX,Oryx,Credit Card,< 5,US,Kids,All,,Gold,Web,Single
71,O0111,HAMLEYS REWARDS:,,Discounts,20% Discount for newborn baby essentials – everything from clothing to gift sets at Hamleys,web,300,not for above 5 years,Discounts,Kids Offers,KC,Kids Club,Gold,,,OCK,Oryx Cards Kids Club,All,,,,,Birthday,,,2019-03-01,2019-07-31,Non Air,ORX,Oryx,Credit Card,< 5,US,Kids,All,,Gold,Web,Single
72,O0112,Kidos  ,,Discounts,20% Discount for newborn baby essentials ,web,300,not for above 5 years,Discounts,Kids Offers,KC,Kids Club,Gold,,,OCK,Oryx Cards Kids Club,All,,,,,Birthday,,,2019-03-01,2019-07-31,Non Air,ORX,Oryx,Credit Card,< 5,US,Kids,All,,Gold,Web,Single
73,O0113,NidoKidos,,Discounts,20% Discount for newborn baby essentials – everything from clothing to gift sets at Nidokidos Stores,web,300,not for above 5 years,Discounts,Kids Offers,KC,Kids Club,Gold,,,OCK,Oryx Cards Kids Club,All,,,,,Birthday,,,2019-03-01,2019-07-31,Non Air,ORX,Oryx,Credit Card,< 5,US,Kids,All,,Gold,Web,Single
74,O0015,30$ off 280 points,Redemption,Discounts,Redeem points for discounts,Web,100,,Discounts,,FFP,Frequent Flyer Program,Gold,,,,Redeem offers,,,,,,,,,2019-07-01,2019-08-31,Non Air,WLFF,WeLoveFunFit,E-commerce,20-30,US,New Subscribers  - Individuals,All,,Gold,web,All
75,O0062,30$ off 2800 points,,Discounts,Redeem points for discounts,Web,250,,Discounts,,FFP,Frequent Flyer Program,Gold,,,,,,,,,,,,,2019-06-01,2019-08-31,Non Air,WLFF,WeLoveFunFit,E-commerce,20-30,US,New Subscribers  - Individuals,All,,Gold,web,All
76,O0006,Member Only - Spring 20,Accruals ,Promotions,Redeem new products listed exclusively for members - Sprint Sale 2020,Mobile,200,,Points,Promotional Status Credits,PSC,Points Related Promotions,Gold,,,,Member Only Offers,Fall 2020,Dec,,,,,,,2019-06-01,2019-08-31,Air,Luftansa,Luftansa,Airlines,40-65,US,Individuals,All,,Gold,,All
77,O0053,Member Only - Fun 50 Gold,,Promotions,Redeem new products listed exclusively for Gold members,Mobile,250,,Discounts,Promotional Status Credits,PSC,Points Related Promotions,Gold,,,MM-O2,Member Only Offers,Fall 2020,Dec,,,,,,,2019-06-01,2019-08-31,Non Air,LH,Luftansa,Airlines,40-65,US,Individuals,All,,Gold,,All
78,O0103,SeniorFirst Winter 20,,Discounts,Guests' age 65 and older are eligible for  20% discount for select Hotel rooms.,Mobile,300,Not for below 55 years,Discounts,Senior Citizens Offers,SCO,Frequent Flyer Program,Gold,,,SCO,Senior Citizens Discounts,Winter,,,,,Birthday,,,2019-12-01,2020-01-31,Non Air,MM,Marriot,Hotel,Above 65,US,Senior Citizens,All,,Gold,Web,Married
79,O0104,SeniorLadies Winter30,,Discounts,Guests' age 65 and older are eligible for  30% discount for select Hotel rooms.,Mobile,300,Not for below 55 years,Discounts,Senior Citizens Offers,SCO,Frequent Flyer Program,Gold,,,SCO,Senior Citizens Discounts,Winter,,,,,Birthday,,,2019-12-01,2020-01-31,Non Air,MM,Marriot,Hotel,Above 65,US,Senior Citizens,F,,Gold,Web,All
80,O0105,SeniorGoRelax Winter30,,Discounts,Guests' age 65 and older are eligible for  30% discount for select Hotel rooms and Cabs,Mobile,300,Not for below 55 years,Discounts,Senior Citizens Offers,SCO,Frequent Flyer Program,Gold,,,SCO,Senior Citizens Discounts,Winter,,,,,Birthday,,,2019-12-01,2020-01-31,Non Air,MM,Marriot,Hotel,Above 65,US,Senior Citizens,All,,Gold,Web,Married
81,O0005,Member Only - Early Birds 50,Accruals ,Promotions,Redeem new products listed exclusively for members- First 50,Mobile,100,,Points,Promotional Status Credits,PSC,Points Related Promotions,Gold,,,,Member Only Offers,Fall 2020,Dec,,New Year,,,,,2019-06-01,2019-08-31,Air,Luftansa,Luftansa,Airlines,All,US,Corporates,All,,Gold,Mobile,All
82,O0007,Member Only - Thanks Giving 20,Accruals ,Promotions,Redeem new products listed exclusively for members - Thanks Giving sale 2020,Mobile,200,,Points,,FFP,Frequent Flyer Program,Gold,,,,Member Only Offers,,,,,,,,,2019-06-01,2019-08-31,Air,,,,All,,,,,Gold,,All
83,O0008,Member Only - Independence Day,Accruals ,Promotions,Redeem new products listed exclusively for members - Independence day sale,Mobile,300,,Points,,FFP,Frequent Flyer Program,Gold,,,,Member Only Offers,,,,,,,,,2019-06-01,2019-08-31,Air,,,,All,,,,,Gold,,All
84,O0009,Member Only - Fun 50,Accruals ,Promotions,Redeem new products listed exclusively for members,Mobile,300,,Points,,FFP,Frequent Flyer Program,Gold,,,,Member Only Offers,,,,,,,,,2019-06-01,2019-08-31,Air,,,,All,,,,,Gold,web,All
85,O0018,Target 25,,Discounts,25% Discount on spending 100 USD,Web,250,,Discounts,,FFP,Frequent Flyer Program,Gold,,,,Target Discounts,,,,,,,,,2019-07-01,2019-08-31,Non Air,TC,Target Corp,Retail,All,US,Individuals,All,,Gold,web,All
86,O0021,Walmart 25,,Discounts,25% Discount on spending 100 USD,Web,100,,Discounts,,FFP,Frequent Flyer Program,Gold,,,,walmart discounts,,,,,,,,,2019-07-01,2019-12-31,Non Air,TC,Walmart Corp,Retail,All,US,Individuals,All,,Gold,web,All
87,O0022,Redeem your Starbucks Reward,Redemption,Redeem,Gain/Acrue 300 points and redeem your Starbucks Reward,Web,300,,Cash,,FFP,Frequent Flyer Program,Gold,,,,Starbucks offers,Winter,,,,,,,,2019-07-01,2019-12-31,,SB,Starbucks,Eat,All,US,Individuals,All,,Gold,web,All
88,O0023,Redeem your Starbucks Reward,Redemption,Redeem,Gain/Acrue 300 points and redeem your Starbucks Reward,Mobile,300,,Cash,,FFP,Frequent Flyer Program,Gold,,,,Starbucks offers,,,,,,,Anniversary Discounts,,2019-01-01,2019-03-31,Non Air,SB,Starbucks,Eat,All,US,Individuals,All,,Gold,web,All
89,O0024,Redeem your Starbucks Reward,Redemption,Redeem,Gain/Acrue 300 points and redeem your Starbucks Reward,Mobile,300,,Cash,,FFP,Frequent Flyer Program,Gold,,,,Starbucks offers,,,,,,Birthday Offers,,,2019-12-01,2020-01-31,Non Air,SB,Starbucks,Eat,All,US,Individuals,All,,Gold,web,All
90,O0036,Celebrate Summer Sale 30,,Discounts,Save $30/night to all destinations,Social Media,400,,Discounts,,FFP,Frequent Flyer Program,Gold,,,AA,American,Holiday,,,Summer,,,,,2019-06-01,2019-08-31,Air,AM,Americal Airways,Air,All,US,Individuals,All,,Gold,,
91,O0051,"35,000  Rewards points with AMEx Gold Card",,Promotions,"Earn 35,000 Membership Rewards points with Chase Gold Card",Web,250,,Discounts,Promotional Status Credits,PSC,Points Related Promotions,Gold,,,CCP-G,Credit Card Offer,Summer 2022,May,,,,,,,2019-06-01,2019-08-31,Non Air,CH,Chase ,Credit Card,All,US,Individuals,All,,Gold,Credit Card,All
92,O0052,Member Only FFP - Fun 50,,Promotions,Redeem new products listed exclusively for FFP members,Mobile,250,,Discounts,Promotional Status Credits,PSC,Points Related Promotions,Gold,,,MM-O1,Member Only Offers,Fall 2020,Dec,,New Year,,,,,2019-06-01,2019-08-31,Air,LH,Luftansa,Airlines,All,US,Corporates,All,,Gold,Mobile,All
93,O0065,Summer Target 25,,Discounts,25% Discount on spending 100 USD,Web,250,,Discounts,,FFP,Frequent Flyer Program,Gold,,,,,Summer ,May,,Summer,,,,,2019-01-01,2019-03-31,Non Air,TC,Target Corp,Retail,All,US,Individuals,All,,Gold,web,All
94,O0068,Summer Walmart 25,,Discounts,25% Discount on spending 100 USD,Web,250,,Discounts,,FFP,Frequent Flyer Program,Gold,,,,,Summer ,May,,Summer,,,,,2019-01-01,2019-03-31,Non Air,TC,Walmart Corp,Retail,All,US,Individuals,All,,Gold,web,All
95,O0069,Starbucks 300,Redemption,Redeem,Gain/Acrue 300 points and redeem your Starbucks Reward,Web,250,,Cash,,FFP,Frequent Flyer Program,Gold,,,,,Winter,,,,,,,,2019-01-01,2019-03-31,,SB,Starbucks,,All,US,Individuals,All,,Gold,web,All
96,O0070,Starbucks 3k,Redemption,Redeem,Gain/Acrue 30o0 points and redeem your Starbucks Reward,Mobile,250,,Cash,,FFP,Frequent Flyer Program,Gold,,,,,,,,,,,Anniversary Discounts,,2019-01-01,2019-03-31,Non Air,SB,Starbucks,,All,US,Individuals,All,,Gold,web,All
97,O0071,Starbucks 33,Redemption,Redeem,Gain/Acrue 3300 points and redeem your Starbucks Reward,Mobile,300,,Cash,,FFP,Frequent Flyer Program,Gold,,,,,,,,,,Birthday Offers,,,2019-01-01,2019-03-31,Non Air,SB,Starbucks,,All,US,Individuals,All,,Gold,web,All
98,O0079,Earn 50k Bonus miles with ABC,,Points,"Earn 25,000 bonus miles on a future vacation to Jamaica.",Web,300,,Points,,FFP,Frequent Flyer Program,Gold,,,,,Holiday,,,Vacation,,,,,2019-01-01,2019-03-31,Air,AA,ABC Card,Credit Card,All,US,Individuals,All,,Gold,,
99,O0080,Earn 300K Bonus miles with ABC,,Points,"Earn 30,000 bonus miles when you book a vacation to Costa Rica.",Web,300,,Points,,FFP,Frequent Flyer Program,Gold,,,,,Holiday,,,Vacation,,,,,2019-01-01,2019-03-31,Air,AA,ABC Card,Credit Card,All,US,Individuals,All,,Gold,,
100,O0083,Celebrate Fall Sale 30,,Discounts,Save $30/night to all destinations,Social Media,300,,Discounts,,FFP,Frequent Flyer Program,Gold,,,AA,American,Holiday,,,Fall Holidays,,,,,2019-09-15,2019-12-31,Air,AM,Americal Airways,Air,All,US,Individuals,All,,Gold,,
101,O0003," 60,00 Rewards points  with AMEx Platinum Card",Accruals ,Promotions,"Earn 60,000 Membership Rewards points  with AMEx Platinum Card",Web,6000,,Points,Promotional Status Credits,PSC,Points Related Promotions,Platinum,,,CCP-P,Credit Card Offer,Summer 2021,May,,,,,,,2019-06-01,2019-08-31,Non Air,AMEX,American Express,Credit Card,All,US,Individuals,All,,Platinum,Credit Card,All
102,O0004,"35,00  Rewards points with AMEx Gold Card",Accruals ,Promotions,"Earn 35,00 Membership Rewards points with AMEx Gold Card",Web,3500,,Points,Promotional Status Credits,PSC,Points Related Promotions,Platinum,,,CCP-G,Credit Card Offer,Summer 2022,May,,,,,,,2019-06-01,2019-08-31,Non Air,AMEX,American Express,Credit Card,All,US,Individuals,All,,Gold,Credit Card,All
103,O0032,Earn 25k Bonus miles,,Points,"Earn 25,000 bonus miles on a future vacation to Jamaica.",Web,2500,,Points,,FFP,Frequent Flyer Program,Platinum,,,,,Holiday,,,Vacation,,,,,2019-01-01,2019-03-31,Air,AA,ABC Card,Credit Card,All,US,Individuals,All,,Gold,,
104,O0033,Earn 30K Bonus miles,,Points,"Earn 30,000 bonus miles when you book a vacation to Costa Rica.",Web,3000,,Points,,FFP,Frequent Flyer Program,Platinum,,,,,Holiday,,,Vacation,,,,,2019-06-01,2019-08-31,Air,AA,ABC Card,Credit Card,All,US,Individuals,All,,Gold,,
105,O0034,Earn 50k Bonus Miles,,Points,"Earn 50,000 bonus miles when you book a vacation to Paris  with ABC Card",Web,5000,,points,,FFP,Frequent Flyer Program,Platinum,,,,,,,,,,,,,2019-06-01,2019-08-31,Air,AA,ABC Card,Credit Card,All,US,Individuals,All,,Platinum,,
106,O0037,Celebrate Summer Sale 40,,Discounts,Save $40/night to all destinations,Social Media,500,,Discounts,,FFP,Frequent Flyer Program,Platinum,,,AA,American,Holiday,,,Summer,,,,,2019-06-01,2019-08-31,Air,AM,Americal Airways,Air,All,US,Individuals,All,,Platinum,,
107,O0050," 60,00 Rewards points  with AMEx Platinum Card",,Promotions,"Earn 60,000 Membership Rewards points  with Chase Platinum Card",Web,6000,,Discounts,Promotional Status Credits,PSC,Points Related Promotions,Platinum,,,CCP-P,Credit Card Offer,Summer 2021,May,,,,,,,2019-01-01,2019-03-31,Non Air,CH,Chase ,Credit Card,All,US,Individuals,All,,Platinum,Credit Card,All
108,O0054,Member Only - Fun 50 Platinum,,Promotions,Redeem new products listed exclusively for Platinummembers ,Mobile,500,,Discounts,,FFP,Frequent Flyer Program,Platinum,,,MM-O3,Member Only Offers,Summer 2020,April ,,,,,,,2019-01-01,2019-03-31,Non Air,,,,All,,,,,Platinum,,All
109,O0081,Earn 5000 Bonus Miles,,Points,Earn 500 bonus miles when you book a vacation to Paris  with ABC Card,Web,5000,,points,,FFP,Frequent Flyer Program,Platinum,,,,,,,,,,,,,2019-01-01,2019-03-31,Air,AA,ABC Card,Credit Card,All,US,Individuals,All,,Platinum,,
110,O0084,Celebrate Fall Sale 40,,Discounts,Save $40/night to all destinations,Social Media,1000,,Discounts,,FFP,Frequent Flyer Program,Platinum,,,AA,American,Holiday,,,Fall Holidays,,,,,2019-09-15,2019-12-31,Air,AM,Americal Airways,Air,All,US,Individuals,All,,Platinum,,
111,O0002,"40,00 Bonus Points  with AMEx Saphire Card",Accruals ,Promotions,"40,00 Bonus Points [Highest EVER Bonus]  with AMEx Saphire Card",Web,4000,,Points,Promotional Status Credits,PSC,Points Related Promotions,Saphire,,,CCP-S,Credit Card Offer,Summer 2020,May,,,,,,,2019-06-01,2019-08-31,Non Air,AMEX,American Express,Credit Card,30 - 40,US,Individuals,All,,Saphire,Credit Card,Both
112,O0049,"4,000 Bonus Points  with AMEx Saphire Card",,Promotions,"60,000 Bonus Points [Highest EVER Bonus]  with Chase Saphire Card",Web,4000,,Discounts,Promotional Status Credits,PSC,Points Related Promotions,Saphire,,,CCP-S,Credit Card Offer,Summer 2020,May,,,,,,,2019-06-01,2019-08-31,Non Air,CH,Chase ,Credit Card,30 - 40,US,Individuals,All,,Saphire,Credit Card,Both
