offer_id,name,offer_type,category,content,channel,points,exclusion_category,benefit_type,point_type,program_code,program_name,program_tier,program_point_type,product_category,product_code,product_name,season,month,week_day,holiday,week_end,birth_day,wedding_anniversary,duration,start_date,end_date,,partner_category,partner_code,partner_name,partner_type,targetted_age,targetted_nationality,targetted_preference_group,targetted_gender,targetted_type,targetted_tier,targetted_channel,targetted_marital_status,discount_percentage
O0001,Early Access Offer,Accruals ,Promotions,New Product that’s not officially Launched,Loyalty  Portal,50,,Points,Loyalty Bonus Status Credits,EAP,Early Access Program,Bronze,TLBS,,P045,New Launches,Summer 2020,April ,,,,,,,01-Jun-19,31-Aug-19,,Air,QF,Qantas Airways,,40-65,Europe,Corporates,All,,Bronze,Loyalty  Portal,Both,
O0002,"40,00 Bonus Points  with AMEx Saphire Card",Accruals ,Promotions,"40,00 Bonus Points [Highest EVER Bonus]  with AMEx Saphire Card",Web,4000,,Points,Promotional Status Credits,PSC,Points Related Promotions,Saphire,,,P019,Credit Card Offer,Summer 2020,May,,,,,,,01-Jun-19,31-Aug-19,,Non Air,AMEX,American Express,Credit Card,30 - 40,US,Individuals,All,,Saphire,Web,Both,
O0003," 60,00 Rewards points  with AMEx Platinum Card",Accruals ,Promotions,"Earn 60,000 Membership Rewards points  with AMEx Platinum Card",Web,6000,,Points,Promotional Status Credits,PSC,Points Related Promotions,Platinum,,,P019,Credit Card Offer,Summer 2021,May,,,,,,,01-Jun-19,31-Aug-19,,Non Air,AMEX,American Express,Credit Card,All,US,Individuals,All,,Platinum,Web,All,
O0004,"35,00  Rewards points with AMEx Gold Card",Accruals ,Promotions,"Earn 35,00 Membership Rewards points with AMEx Gold Card",Web,3500,,Points,Promotional Status Credits,PSC,Points Related Promotions,Platinum,,,P019,Credit Card Offer,Summer 2022,May,,,,,,,01-Jun-19,31-Aug-19,,Non Air,AMEX,American Express,Credit Card,All,US,Individuals,All,,Gold,Web,All,
O0005,Member Only - Early Birds 50,Redemption,Promotions,Redeem new products listed exclusively for members- First 50,"Mobile App, SMS",100,,Points,Promotional Status Credits,PSC,Points Related Promotions,Gold,,,P043,Member Only Offers,Fall 2020,Dec,,New Year,,,,,01-Jun-19,31-Aug-19,,Air,Luftansa,Luftansa,Airlines,All,US,Corporates,All,,Gold,"Mobile App, SMS",All,
O0006,Member Only - Spring 20,Redemption,Promotions,Redeem new products listed exclusively for members - Sprint Sale 2020,"Mobile App, SMS",200,,Points,Promotional Status Credits,PSC,Points Related Promotions,Gold,,,P043,Member Only Offers,Fall 2020,Dec,,,,,,,01-Jun-19,31-Aug-19,,Air,Luftansa,Luftansa,Airlines,40-65,US,Individuals,All,,Gold,"Mobile App, SMS",All,
O0007,Member Only - Thanks Giving 20,Redemption,Promotions,Redeem new products listed exclusively for members - Thanks Giving sale 2020,"Mobile App, SMS",200,,Points,,FFP,Frequent Flyer Program,Gold,,,P043,Member Only Offers,,,,,,,,,01-Jun-19,31-Aug-19,,Air,,,,All,US,,,,Gold,"Mobile App, SMS",All,
O0008,Member Only - Independence Day,Redemption,Promotions,Redeem new products listed exclusively for members - Independence day sale,"Mobile App, SMS",300,,Points,,FFP,Frequent Flyer Program,Gold,,,P043,Member Only Offers,,,,,,,,,01-Jun-19,31-Aug-19,,Air,,,,All,,,,,Gold,"Mobile App, SMS",All,
O0009,Member Only - Fun 50,Redemption,Promotions,Redeem new products listed exclusively for members,"Mobile App, SMS",300,,Points,,FFP,Frequent Flyer Program,Gold,,,P043,Member Only Offers,,,,,,,,,01-Jun-19,31-Aug-19,,Air,,,,All,,,,,Gold,"Mobile App, SMS",All,
O0010,Join the world for 50,,Coupons,Create an account gain 50 points,Web,100,,Cash,New Subscribers Offers,FFP,Frequent Flyer Program,Bronze,,,P054,Refer a friend,,,,,,,,,01-Jun-19,31-Aug-19,,Non Air,WLFF,WeLoveFunFit,E-commerce,20-30,US,New Subscribers  - Individuals,All,,Bronze,Web,All,
O0011,1 point per $1 ,,Coupons,Make a purchase 1 point per $1 . Earn point for every Dollar you spend for a minium of $50 purchase,Web,50,,Cash,New Subscribers Offers,FFP,Frequent Flyer Program,Bronze,,,P052,Redeem offers,,,,,,,,,01-Jul-19,31-Oct-19,,Non Air,WLFF,WeLoveFunFit,E-commerce,20-30,US,New Subscribers  - Individuals,All,,Bronze,Web,All,
O0012,Friend-50,,Coupons,Refer a friend earn 50 points,Web,50,,Cash,New Subscribers Offers,FFP,Frequent Flyer Program,Bronze,,,P052,Redeem offers,,,,,,,,,01-Jul-19,31-Oct-19,,Non Air,WLFF,WeLoveFunFit,E-commerce,20-30,US,New Subscribers  - Individuals,All,,Bronze,Web,All,
O0013,$10 off 100 points,Redemption,Discounts,Redeem points for discounts,Web,100,,Discounts,New Subscribers Offers,FFP,Frequent Flyer Program,Bronze,,,P052,Redeem offers,,,,,,,,,01-Apr-19,31-Jul-19,,Non Air,WLFF,WeLoveFunFit,E-commerce,20-30,US,New Subscribers  - Individuals,All,,Bronze,Web,All,10
O0014,15% Off 100 Points,Redemption,Discounts,Redeem points for discounts,Web,100,,Discounts,New Subscribers Offers,FFP,Frequent Flyer Program,Bronze,,,P052,Redeem offers,,,,,,,,,01-Apr-19,31-Jul-19,,Non Air,WLFF,WeLoveFunFit,E-commerce,20-30,US,New Subscribers  - Individuals,All,,Bronze,Web,All,15
O0015,30$ off 280 points,Redemption,Discounts,Redeem points for discounts,Web,100,,Discounts,,FFP,Frequent Flyer Program,Gold,,,P052,Redeem offers,,,,,,,,,01-Jul-19,31-Aug-19,,Non Air,WLFF,WeLoveFunFit,E-commerce,20-30,US,New Subscribers  - Individuals,All,,Gold,Web,All,5
O0016,Target 10,Accruals ,Discounts,10% Discount on your next Target Store Visit,Web,100,,Discounts,,FFP,Frequent Flyer Program,Bronze,,,P060,Target Discounts,,,,,,,,,01-Jul-19,31-Aug-19,,,TC,Target Corp,Retail,All,US,,,,Bronze,Web,All,10
O0017,Target 15,Accruals ,Discounts,15% Discount on your next Target Store Visit,Web,150,,Discounts,,FFP,Frequent Flyer Program,Bronze,,,P060,Target Discounts,,,,,,,,,01-Jul-19,31-Aug-19,,,TC,Target Corp,Retail,All,US,,,,Bronze,Web,All,15
O0018,Target 25,Accruals ,Discounts,25% Discount on spending 100 USD,Web,250,,Discounts,,FFP,Frequent Flyer Program,Gold,,,P060,Target Discounts,,,,,,,,,01-Jul-19,31-Aug-19,,Non Air,TC,Target Corp,Retail,All,US,Individuals,All,,Gold,Web,All,25
O0019,Walmart 10,Accruals ,Discounts,10% Discount on your next Walmart Store Visit,Web,100,,Discounts,,FFP,Frequent Flyer Program,Bronze,,,P067,Walmart discounts,,,,,,,,,01-Jul-19,31-Dec-19,,,TC,Walmart Corp,Retail,All,AUS,All,All,,Bronze,Web,All,10
O0020,Walmart 15,Accruals ,Discounts,15% Discount on your next Walmart Store Visit,Web,100,,Discounts,,FFP,Frequent Flyer Program,Bronze,,,P067,Walmart discounts,,,,,,,,,01-Jul-19,31-Dec-19,,,TC,Walmart Corp,Retail,All,AUS,All,All,,Bronze,Web,All,15
O0021,Walmart 25,Accruals ,Discounts,25% Discount on spending 100 USD,Web,100,,Discounts,,FFP,Frequent Flyer Program,Gold,,,P067,Walmart discounts,,,,,,,,,01-Jul-19,31-Dec-19,,Non Air,TC,Walmart Corp,Retail,All,US,Individuals,All,,Gold,Web,All,25
O0022,Redeem your Starbucks Reward,Redemption,Redeem,Gain/Acrue 300 points and redeem your Starbucks Reward,Web,300,,Cash,,FFP,Frequent Flyer Program,Gold,,,P058,Starbucks offers,Winter,,,,,,,,01-Jul-19,31-Dec-19,,,SB,Starbucks,Eat,All,US,Individuals,All,,Gold,Web,All,
O0023,Redeem your Starbucks Reward,Redemption,Redeem,Gain/Acrue 300 points and redeem your Starbucks Reward,"Mobile App, SMS",300,,Cash,,FFP,Frequent Flyer Program,Gold,,,P058,Starbucks offers,,,,,,,Anniversary Discounts,,01-Jan-19,31-Mar-19,,Non Air,SB,Starbucks,Eat,All,US,Individuals,All,,Gold,"Mobile App, SMS",All,
O0024,Redeem your Starbucks Reward,Redemption,Redeem,Gain/Acrue 300 points and redeem your Starbucks Reward,"Mobile App, SMS",300,,Cash,,FFP,Frequent Flyer Program,Gold,,,P058,Starbucks offers,,,,,,Birthday Offers,,,01-Dec-19,31-Jan-20,,Non Air,SB,Starbucks,Eat,All,US,Individuals,All,,Gold,"Mobile App, SMS",All,
O0025,Earn 2x with Chase Sapphire Preferred,,Points,Earn 2x Points on All Travel and Dining Purchases [$300],Social Media,100,,Points,,FFP,Frequent Flyer Program,Bronze,,,P018,Chase Credit Cards,Winter 20,Jan,,,Weekend Offers,,,,01-Jan-19,31-May-19,,Non Air,AB2,Airbnb,Booking ,All,US,Individuals,All,,Bronze,Social Media,All,
O0026,Earn 2x with Chase Sapphire Preferred,,Points,Earn 2x Points on All Travel and Dining Purchases [$300],Social Media,100,,Points,,FFP,Frequent Flyer Program,Bronze,,,P018,Chase Credit Cards,Winter 21,Feb,,,Weekend Offers,,,,01-Jan-19,31-May-19,,,UU,Uber,Cab,All,US,Individuals,All,,Bronze,Social Media,All,
O0027,Earn 2x with Chase Sapphire Preferred,,Points,Earn 2x Points on All Travel and Dining Purchases [$300],Social Media,50,,Points,,FFP,Frequent Flyer Program,Bronze,,,P018,Chase Credit Cards,Winter 22,Jan,,,Weekend Offers,,,,01-Jan-19,31-May-19,,,BCLA,Barista Coffee,Eat,All,US,Individuals,All,,Bronze,Social Media,All,
O0028,Earn 2x with Chase Sapphire Preferred,,Points,Earn 2x Points on All Travel and Dining Purchases [$300],Social Media,50,,Points,,FFP,Frequent Flyer Program,Bronze,,,P018,Chase Credit Cards,Winter 23,Feb,,,Weekend Offers,,,,01-Jan-19,31-May-19,,Non Air,EXP,Expedia,Booking ,All,US,Individuals,All,,Bronze,Social Media,All,
O0029,JULY 4 15,Accruals ,Discounts,Upto 15% off on Flight Fees,Web,100,,Discounts,,FFP,Frequent Flyer Program,Bronze,,,P006,Airline Fare Discounts,Holiday,July,1,Independence Day,,,,,01-Jul-19,31-Jul-19,,Air,LF,Luftanza,Air,All,US,Individuals,All,,Bronze,Web,All,15
O0030,Buy & Earn Miles with ABC,,Points,"Buy miles now, together sooner. Earn up to 120,000 bonus miles when you buy or gift ABC miles",Web,200,,Points,,FFP,Frequent Flyer Program,Bronze,,,P001,ABC miles,Holiday,,,Vacation,,,,,01-Jul-19,31-Oct-19,,Air,AA,ABC Card,Credit Card,All,US,Individuals,All,,Bronze,Web,,
O0031,Earn miles with ABC,,Points,Earn more miles on your purchase when you use your eligible ABC  credit card.,Web,100,,Points,,FFP,Frequent Flyer Program,Bronze,,,P001,ABC miles,Holiday,,,Vacation,,,,,01-Jul-19,31-Oct-19,,Air,AA,ABC Card,Credit Card,All,US,Individuals,All,,Bronze,Web,,
O0032,Earn 25k Bonus miles,,Points,"Earn 25,000 bonus miles on a future vacation to Jamaica.",Web,2500,,Points,,FFP,Frequent Flyer Program,Platinum,,,P013,Bonus miles,Holiday,,,Vacation,,,,,01-Jan-19,31-Mar-19,,Air,AA,ABC Card,Credit Card,All,US,Individuals,All,,Gold,Web,,
O0033,Earn 30K Bonus miles,,Points,"Earn 30,000 bonus miles when you book a vacation to Costa Rica.",Web,3000,,Points,,FFP,Frequent Flyer Program,Platinum,,,P013,Bonus miles,Holiday,,,Vacation,,,,,01-Jun-19,31-Aug-19,,Air,AA,ABC Card,Credit Card,All,US,Individuals,All,,Gold,Web,,
O0034,Earn 50k Bonus Miles,,Points,"Earn 50,000 bonus miles when you book a vacation to Paris  with ABC Card",Web,5000,,points,,FFP,Frequent Flyer Program,Platinum,,,P013,Bonus miles,,,,,,,,,01-Jun-19,31-Aug-19,,Air,AA,ABC Card,Credit Card,All,US,Individuals,All,,Platinum,Web,,
O0035,Celebrate Summer Sale 20,Accruals ,Discounts,Save 20%/night to all destinations,Social Media,100,,Discounts,,FFP,Frequent Flyer Program,Bronze,,,P006,Airline Fare Discounts,Holiday,,,Summer,,,,,01-Jul-19,31-Oct-19,,Air,AM,Americal Airways,Air,All,US,Individuals,All,,Bronze,Social Media,,20
O0036,Celebrate Summer Sale 30,Accruals ,Discounts,Save 30%/night to all destinations,Social Media,400,,Discounts,,FFP,Frequent Flyer Program,Gold,,,P006,Airline Fare Discounts,Holiday,,,Summer,,,,,01-Jun-19,31-Aug-19,,Air,AM,Americal Airways,Air,All,US,Individuals,All,,Gold,Social Media,,30
O0037,Celebrate Summer Sale 40,Accruals ,Discounts,Save 40%/night to all destinations,Social Media,500,,Discounts,,FFP,Frequent Flyer Program,Platinum,,,P006,Airline Fare Discounts,Holiday,,,Summer,,,,,01-Jun-19,31-Aug-19,,Air,AM,Americal Airways,Air,All,US,Individuals,All,,Platinum,Social Media,,40
O0038,35% with Budget,Accruals ,Discounts,Save up to 35% with Budget,Web,100,,Discounts,,FFP,Frequent Flyer Program,Bronze,,,P017,Budget,Holiday,,,Vacation,,,,,01-Jul-19,31-Oct-19,,Non Air,BJT,Budget,Cab,All,US,All,All,,Bronze,Web,All,35
O0039,Earn miles with every stay,,Points,"Book hotels and earn up to 10,000 miles per night on select properties.",Web,200,,Points,,FFP,Frequent Flyer Program,Bronze,,,P040,Marriot,,,,,,,,,01-Jul-19,31-Oct-19,,,MM,Marriot,Hotel,All,US,Individuals,All,,Bronze,Web,Married,
O0040, à la carte - Food & Bev,Accruals ,Discounts,Get 10% off on F&B,Web,200,,Discounts,,,Frequent Flyer Program,Bronze,,,P009,Ancillary-Food & Bev ,,,,,,Birthday,Anniversary,,01-Jul-19,31-Oct-19,,Air,AA,American Airways,Air,All,US,Individuals,All,,Bronze,Web,Married,10
O0041, à la carte - Food & Bev- Wine,Accruals ,Discounts,Get 10% off on F&B-Wine,Web,100,not for <18 years of age,Discounts,,,Frequent Flyer Program,Bronze,,,P070,Wine,,,,,,Birthday,Anniversary,,01-Jan-19,31-Mar-19,,Air,AA,American Airways,Air,All,US,Individuals,All,,Bronze,Web,Married,10
O0042, à la carte - Baggage and excess baggage,Accruals ,Discounts,15% discount on excess baggage,Web,50,,Discounts,,,Frequent Flyer Program,Bronze,,,P011,Baggage,,,,,,Birthday,Anniversary,,01-Sep-19,31-Oct-19,,Air,AA,American Airways,Air,All,US,Individuals,All,,Bronze,Web,Married,15
O0043, à la carte - Seats,Accruals ,Discounts,10% discount on Xleg Seats,Web,50,,Discounts,,,Frequent Flyer Program,Bronze,,,P056,Seats,,,,,,Birthday,Anniversary,,01-Sep-19,31-Oct-19,,Air,AA,American Airways,Air,All,US,Individuals,All,,Bronze,Web,Married,10
O0044,Early Bird 10,Accruals ,Discounts, à la carte - 10% discount on early boarding for F&B,"Loyalty  Portal, Mobile App",50,,Discounts,,,Frequent Flyer Program,Bronze,,,P026,Early Boarding,,,,,,Birthday,Anniversary,,01-Sep-19,31-Oct-19,,Air,AA,American Airways,Air,All,US,Individuals,All,,Bronze,"Loyalty  Portal, Mobile App",Married,10
O0045,Marriot 15,Accruals ,Discounts, 15% discount at Marriot,"Loyalty Portal , Web",50,,Discounts,,,Frequent Flyer Program,Bronze,,,P040,Marriot,,,,,,Birthday,Anniversary,,01-Sep-19,31-Oct-19,,Non Air,MM,Marriot,Hotel,All,US,Individuals,All,,Bronze,"Loyalty Portal , Web",Married,15
O0046,Uber 10,Accruals ,Discounts,10% discuount with Uber Cabs,"Loyalty  Portal, Mobile App",50,,Discounts,,,Frequent Flyer Program,Bronze,,,P066,Uber,,,,,,Birthday,Anniversary,,01-Sep-19,31-Oct-19,,Non Air,UU,Uber,Cab,All,US,Individuals,All,,Bronze,"Loyalty  Portal, Mobile App",Married,10
O0047,TI 10,Accruals ,Discounts,10% discount on Travel Insurance with TT insurance,"Loyalty  Portal, Mobile App",50,,Discounts,,,Frequent Flyer Program,Bronze,,,P065,TT Insurance,,,,,,Birthday,Anniversary,,01-Sep-19,31-Oct-19,,Non Air,TI,TT Insurance,Insurance,All,US,Individuals,All,,Bronze,"Loyalty  Portal, Mobile App",Married,10
O0048,Early Bird  Offer,,Promotions,New Product that’s not officially Launched,"Loyalty  Portal, Mobile App",50,not for <18 years of age,Points,Loyalty Bonus Status Credits,EAP,Early Access Program,Bronze,TLBS,,P045,New Launches,Summer 2020,April ,,,,,,,01-Jan-19,31-Mar-19,,Air,QF,Qantas Airways,,40-65,Europe,Corporates,All,,Bronze,"Loyalty  Portal, Mobile App",Both,
O0049,"4,000 Bonus Points  with AMEx Saphire Card",Accruals ,Promotions,"60,000 Bonus Points [Highest EVER Bonus]  with Chase Saphire Card","Loyalty  Portal, Mobile App",4000,,Discounts,Promotional Status Credits,PSC,Points Related Promotions,Saphire,,,P019,Credit Card Offer,Summer 2020,May,,,,,,,01-Jun-19,31-Aug-19,,Non Air,CH,Chase ,Credit Card,30 - 40,US,Individuals,All,,Saphire,"Loyalty  Portal, Mobile App",Both,
O0050," 60,00 Rewards points  with AMEx Platinum Card",,Promotions,"Earn 60,000 Membership Rewards points  with Chase Platinum Card","Loyalty  Portal, Mobile App",6000,,Discounts,Promotional Status Credits,PSC,Points Related Promotions,Platinum,,,P019,Credit Card Offer,Summer 2021,May,,,,,,,01-Jan-19,31-Mar-19,,Non Air,CH,Chase ,Credit Card,All,US,Individuals,All,,Platinum,"Loyalty  Portal, Mobile App",All,
O0051,"35,000  Rewards points with AMEx Gold Card",,Promotions,"Earn 35,000 Membership Rewards points with Chase Gold Card","Loyalty  Portal, Mobile App",250,,Discounts,Promotional Status Credits,PSC,Points Related Promotions,Gold,,,P019,Credit Card Offer,Summer 2022,May,,,,,,,01-Jun-19,31-Aug-19,,Non Air,CH,Chase ,Credit Card,All,US,Individuals,All,,Gold,"Loyalty  Portal, Mobile App",All,
O0052,Member Only FFP - Fun 50,Redemption,Promotions,Redeem new products listed exclusively for FFP members,"Loyalty  Portal, Mobile App",250,,Discounts,Promotional Status Credits,PSC,Points Related Promotions,Gold,,,P043,Member Only Offers,Fall 2020,Dec,,New Year,,,,,01-Jun-19,31-Aug-19,,Air,LH,Luftansa,Airlines,All,US,Corporates,All,,Gold,"Loyalty  Portal, Mobile App",All,
O0053,Member Only - Fun 50 Gold,Redemption,Promotions,Redeem new products listed exclusively for Gold members,"Loyalty  Portal, Mobile App",250,,Discounts,Promotional Status Credits,PSC,Points Related Promotions,Gold,,,P043,Member Only Offers,Fall 2020,Dec,,,,,,,01-Jun-19,31-Aug-19,,Non Air,LH,Luftansa,Airlines,40-65,US,Individuals,All,,Gold,"Loyalty  Portal, Mobile App",All,
O0054,Member Only - Fun 50 Platinum,Redemption,Promotions,Redeem new products listed exclusively for Platinummembers ,"Loyalty  Portal, Mobile App",500,,Discounts,,FFP,Frequent Flyer Program,Platinum,,,P043,Member Only Offers,Summer 2020,April ,,,,,,,01-Jan-19,31-Mar-19,,Non Air,,,,All,,All,All,,Platinum,"Loyalty  Portal, Mobile App",All,
O0055,Member Only - Fun 50 Br,Redemption,Promotions,Redeem new products listed exclusively for Bronze members,"Loyalty  Portal, Mobile App",50,,Discounts,,FFP,Frequent Flyer Program,Bronze,,,P043,Member Only Offers,Summer 2021,May,,,,,,,01-Jan-19,31-Mar-19,,Non Air,,,,All,,All,All,,Bronze,"Loyalty  Portal, Mobile App",All,
O0056,Member Only - Fun 50 New,Redemption,Promotions,Redeem new products listed exclusively for New members,"Loyalty  Portal, Mobile App",50,,Discounts,,FFP,Frequent Flyer Program,Bronze,,,P043,Member Only Offers,Summer 2022,June,,,,,,,01-Jan-19,31-Mar-19,,Non Air,,,,All,,All,All,,Bronze,"Loyalty  Portal, Mobile App",All,
O0057,Join the world for 2000,,Coupons,Join the Loyalty Program account gain 2000 points,"Loyalty  Portal, Mobile App",50,,Cash,New Subscribers Offers,FFP,Frequent Flyer Program,Bronze,,,P035,Loyalty Member Addition,,,,,,,,,01-Jan-19,31-Mar-19,,Non Air,WLFF,WeLoveFunFit,E-commerce,20-30,US,New Subscribers  - Individuals,All,,Bronze,"Loyalty  Portal, Mobile App",All,
O0058,10 point per $1 ,,Coupons,Make a purchase 10 points per $1 . Earn point for every Dollar you spend,"Loyalty  Portal, Mobile App",50,,Cash,New Subscribers Offers,FFP,Frequent Flyer Program,Bronze,,,P036,Loyalty Offers,,,,,,,,,01-Jan-19,31-Mar-19,,Non Air,WLFF,WeLoveFunFit,E-commerce,20-30,US,New Subscribers  - Individuals,All,,Bronze,"Loyalty  Portal, Mobile App",All,
O0059,Friend-500,,Coupons,Refer a friend earn 500 points,"Loyalty  Portal, Mobile App",50,,Cash,New Subscribers Offers,FFP,Frequent Flyer Program,Bronze,,,P036,Loyalty Offers,,,,,,,,,01-Jan-19,31-Mar-19,,Non Air,WLFF,WeLoveFunFit,E-commerce,20-30,US,New Subscribers  - Individuals,All,,Bronze,"Loyalty  Portal, Mobile App",All,
O0060,$10 off 200 points,Redemption,Discounts,Redeem points for discounts,"Loyalty  Portal, Mobile App",50,,Discounts,New Subscribers Offers,FFP,Frequent Flyer Program,Bronze,,,P053,Redemption Offers,,,,,,,,,01-Jan-19,31-Mar-19,,Non Air,WLFF,WeLoveFunFit,E-commerce,20-30,US,New Subscribers  - Individuals,All,,Bronze,"Loyalty  Portal, Mobile App",All,5
O0061,35% Off 1000 Points,Redemption,Discounts,Redeem points for discounts,"Loyalty  Portal, Mobile App",100,,Discounts,New Subscribers Offers,FFP,Frequent Flyer Program,Bronze,,,P053,Redemption Offers,,,,,,,,,01-Jan-19,31-Mar-19,,Non Air,WLFF,WeLoveFunFit,E-commerce,20-30,US,New Subscribers  - Individuals,All,,Bronze,"Loyalty  Portal, Mobile App",All,3
O0062,30$ off 2800 points,Redemption,Discounts,Redeem points for discounts,"Loyalty  Portal, Mobile App",250,,Discounts,,FFP,Frequent Flyer Program,Gold,,,P053,Redemption Offers,,,,,,,,,01-Jun-19,31-Aug-19,,Non Air,WLFF,WeLoveFunFit,E-commerce,20-30,US,New Subscribers  - Individuals,All,,Gold,"Loyalty  Portal, Mobile App",All,5
O0063,Summer Target 10,Accruals ,Discounts,10% Discount on your next Target Store Visit,"Loyalty  Portal, Mobile App",100,,Discounts,,FFP,Frequent Flyer Program,Bronze,,,P061,Target Offers,Summer ,May,,Summer,,,,,01-Jan-19,31-Mar-19,,,TC,Target Corp,Retail,All,US,All,All,,Bronze,"Loyalty  Portal, Mobile App",All,10
O0064,Summer Target 15,Accruals ,Discounts,15% Discount on your next Target Store Visit,"Loyalty  Portal, Mobile App",100,,Discounts,,FFP,Frequent Flyer Program,Bronze,,,P061,Target Offers,Summer ,May,,Summer,,,,,01-Jan-19,31-Mar-19,,,TC,Target Corp,Retail,All,US,All,All,,Bronze,"Loyalty  Portal, Mobile App",All,15
O0065,Summer Target 25,Accruals ,Discounts,25% Discount on spending 100 USD,"Loyalty  Portal, Mobile App",250,,Discounts,,FFP,Frequent Flyer Program,Gold,,,P061,Target Offers,Summer ,May,,Summer,,,,,01-Jan-19,31-Mar-19,,Non Air,TC,Target Corp,Retail,All,US,Individuals,All,,Gold,"Loyalty  Portal, Mobile App",All,25
O0066,Summer Walmart 10,Accruals ,Discounts,10% Discount on your next Walmart Store Visit,"Loyalty  Portal, Mobile App",100,,Discounts,,FFP,Frequent Flyer Program,Bronze,,,P068,Walmart Offers,Summer ,May,,Summer,,,,,01-Jan-19,31-Mar-19,,,TC,Walmart Corp,Retail,All,AUS,All,All,,Bronze,"Loyalty  Portal, Mobile App",All,10
O0067,Summer Walmart 15,Accruals ,Discounts,15% Discount on your next Walmart Store Visit,"Loyalty  Portal, Mobile App",100,,Discounts,,FFP,Frequent Flyer Program,Bronze,,,P068,Walmart Offers,Summer ,May,,Summer,,,,,01-Jan-19,31-Mar-19,,,TC,Walmart Corp,Retail,All,AUS,All,All,,Bronze,"Loyalty  Portal, Mobile App",All,15
O0068,Summer Walmart 25,Accruals ,Discounts,25% Discount on spending 100 USD,"Loyalty  Portal, Mobile App",250,,Discounts,,FFP,Frequent Flyer Program,Gold,,,P068,Walmart Offers,Summer ,May,,Summer,,,,,01-Jan-19,31-Mar-19,,Non Air,TC,Walmart Corp,Retail,All,US,Individuals,All,,Gold,"Loyalty  Portal, Mobile App",All,25
O0069,Starbucks 300,Redemption,Redeem,Gain/Acrue 300 points and redeem your Starbucks Reward,"Loyalty  Portal, Mobile App",250,,Cash,,FFP,Frequent Flyer Program,Gold,,,P058,Starbucks offers,Winter,,,,,,,,01-Jan-19,31-Mar-19,,,SB,Starbucks,,All,US,Individuals,All,,Gold,"Loyalty  Portal, Mobile App",All,
O0070,Starbucks 3k,Redemption,Redeem,Gain/Acrue 30o0 points and redeem your Starbucks Reward,"Loyalty  Portal, Mobile App",250,,Cash,,FFP,Frequent Flyer Program,Gold,,,P058,Starbucks offers,,,,,,,Anniversary Discounts,,01-Jan-19,31-Mar-19,,Non Air,SB,Starbucks,,All,US,Individuals,All,,Gold,"Loyalty  Portal, Mobile App",All,
O0071,Starbucks 33,Redemption,Redeem,Gain/Acrue 3300 points and redeem your Starbucks Reward,"Loyalty  Portal, Mobile App",300,,Cash,,FFP,Frequent Flyer Program,Gold,,,P058,Starbucks offers,,,,,,Birthday Offers,,,01-Jan-19,31-Mar-19,,Non Air,SB,Starbucks,,All,US,Individuals,All,,Gold,"Loyalty  Portal, Mobile App",All,
O0072,Earn 2x with Chase Sapphire Preferred,,Points,Earn 2x Points on All Travel and Dining Purchases [$300],Social Media,100,,Points,,FFP,Frequent Flyer Program,Bronze,,,P005,Airbnb,Winter 20,Jan,,,Weekend Offers,,,,01-Jan-19,31-Mar-19,,Non Air,AB2,Airbnb,Booking ,All,US,Individuals,All,,Bronze,Social Media,All,
O0073,Earn 3x with Chase Sapphire Preferred,,Points,Earn 3x Points on All Travel and Dining Purchases [$300],Social Media,100,,Points,,FFP,Frequent Flyer Program,Bronze,,,P066,Uber,Winter 21,Feb,,,Weekend Offers,,,,01-Jan-19,31-Mar-19,,,UU,Uber,Cab,All,US,Individuals,All,,Bronze,Social Media,All,
O0074,Earn 2x with Chase Platinum  Preferred,,Points,Earn 2x Points on All Travel and Dining Purchases [$300],Social Media,100,,Points,,FFP,Frequent Flyer Program,Bronze,,,P012,Barista Coffee,Winter 22,Jan,,,Weekend Offers,,,,01-Jan-19,31-Mar-19,,,BCLA,Barista Coffee,Eat,All,US,Individuals,All,,Bronze,Social Media,All,
O0075,Earn 3x with Chase Platinum Preferred,,Points,Earn 3x Points on All Travel and Dining Purchases [$300],Social Media,100,,Points,,FFP,Frequent Flyer Program,Bronze,,,P028,Expedia,Winter 23,Feb,,,Weekend Offers,,,,01-Jan-19,31-Mar-19,,Non Air,EXP,Expedia,Booking ,All,US,Individuals,All,,Bronze,Social Media,All,
O0076,JULY 4k 15,Accruals ,Discounts,Upto 15% off on Flight Fees,"Loyalty  Portal, Mobile App",100,,Discounts,,FFP,Frequent Flyer Program,Bronze,,,P006,Airline Fare Discounts,Holiday,July,1,Independence Day,,,,,01-Jan-19,31-Mar-19,,Air,LF,Luftanza,Air,All,US,Individuals,All,,Bronze,"Loyalty  Portal, Mobile App",All,15
O0077,Buy & Earn 2k Miles with ABC,,Points,"Buy miles now, together sooner. Earn up to 120,000 bonus miles when you buy or gift ABC miles","Loyalty  Portal, Mobile App",100,,Points,,FFP,Frequent Flyer Program,Bronze,,,P001,ABC miles,Holiday,,,Vacation,,,,,01-Jan-19,31-Mar-19,,Air,AA,ABC Card,Credit Card,All,US,Individuals,All,,Bronze,"Loyalty  Portal, Mobile App",,
O0078,Earn 2x miles with Manhattan,,Points,Earn more miles on your purchase when you use your eligible Manhattan  credit card.,"Loyalty  Portal, Mobile App",50,,Points,,FFP,Frequent Flyer Program,Bronze,,,P038,Manhattan,Holiday,,,Vacation,,,,,01-Jan-19,31-Mar-19,,Air,AA,ABC Card,Credit Card,All,US,Individuals,All,,Bronze,"Loyalty  Portal, Mobile App",,
O0079,Earn 50k Bonus miles with ABC,,Points,"Earn 25,000 bonus miles on a future vacation to Jamaica.","Loyalty  Portal, Mobile App",300,,Points,,FFP,Frequent Flyer Program,Gold,,,P013,Bonus miles,Holiday,,,Vacation,,,,,01-Jan-19,31-Mar-19,,Air,AA,ABC Card,Credit Card,All,US,Individuals,All,,Gold,"Loyalty  Portal, Mobile App",,
O0080,Earn 300K Bonus miles with ABC,,Points,"Earn 30,000 bonus miles when you book a vacation to Costa Rica.","Loyalty  Portal, Mobile App",300,,Points,,FFP,Frequent Flyer Program,Gold,,,P013,Bonus miles,Holiday,,,Vacation,,,,,01-Jan-19,31-Mar-19,,Air,AA,ABC Card,Credit Card,All,US,Individuals,All,,Gold,"Loyalty  Portal, Mobile App",,
O0081,Earn 5000 Bonus Miles,,Points,Earn 500 bonus miles when you book a vacation to Paris  with ABC Card,"Loyalty  Portal, Mobile App",5000,,points,,FFP,Frequent Flyer Program,Platinum,,,P013,Bonus miles,,,,,,,,,01-Jan-19,31-Mar-19,,Air,AA,ABC Card,Credit Card,All,US,Individuals,All,,Platinum,"Loyalty  Portal, Mobile App",,
O0082,Celebrate Fall Sale 20,Accruals ,Discounts,Save 20%/night to all destinations,Social Media,50,,Discounts,,FFP,Frequent Flyer Program,Bronze,,,P007,American,Holiday,,,Fall Holidays,,,,,15-Sep-19,31-Dec-19,,Air,AM,Americal Airways,Air,All,US,Individuals,All,,Bronze,Social Media,,20
O0083,Celebrate Fall Sale 30,Accruals ,Discounts,Save 30%/night to all destinations,Social Media,300,,Discounts,,FFP,Frequent Flyer Program,Gold,,,P007,American,Holiday,,,Fall Holidays,,,,,15-Sep-19,31-Dec-19,,Air,AM,Americal Airways,Air,All,US,Individuals,All,,Gold,Social Media,,30
O0084,Celebrate Fall Sale 40,Accruals ,Discounts,Save 40%/night to all destinations,Social Media,1000,,Discounts,,FFP,Frequent Flyer Program,Platinum,,,P007,American,Holiday,,,Fall Holidays,,,,,15-Sep-19,31-Dec-19,,Air,AM,Americal Airways,Air,All,US,Individuals,All,,Platinum,Social Media,,40
O0085,35% off with Budget,Accruals ,Discounts,35% Off with Budget,"Loyalty  Portal, Mobile App",50,,Discounts,,FFP,Frequent Flyer Program,Bronze,,,P017,Budget,Holiday,,,Fall Holidays,,,,,15-Sep-19,31-Dec-19,,Non Air,BJT,Budget,Cab,All,US,All,All,,Bronze,"Loyalty  Portal, Mobile App",All,35
O0086,Earn10k miles every stay,,Points,"Book hotels and earn up to 10,000 miles per night on select properties.",Social Media,50,,Points,,FFP,Frequent Flyer Program,Bronze,,,P040,Marriot,,,,,,,,,15-Sep-19,31-Dec-19,,,MM,Marriot,Hotel,All,US,Individuals,All,,Bronze,Social Media,Married,
O0087,10%- Food & Bev,Accruals ,Discounts,Get 10% off on F&B,"Loyalty  Portal, Mobile App",50,,Discounts,,,Frequent Flyer Program,Bronze,,,P009,Ancillary-Food & Bev ,,,,,,Birthday,Anniversary,,15-Sep-19,31-Dec-19,,Air,AA,American Airways,Air,All,US,Individuals,All,,Bronze,"Loyalty  Portal, Mobile App",Married,10
O0088,10%  Food & Bev- Wine,Accruals ,Discounts,Get 10% off on F&B-Wine,"Loyalty  Portal, Mobile App",50,not for <18 years of age,Discounts,,,Frequent Flyer Program,Bronze,,,P070,wine,,,,,,Birthday,Anniversary,,01-Jan-19,31-Mar-19,,Air,AA,American Airways,Air,All,US,Individuals,All,,Bronze,"Loyalty  Portal, Mobile App",Married,10
O0089,10%  Baggage and excess baggage,Accruals ,Discounts,15$ discount on excess baggage,"Loyalty  Portal, Mobile App",50,,Discounts,,,Frequent Flyer Program,Bronze,,,P011,Baggage,,,,,,Birthday,Anniversary,,01-Jan-19,31-Mar-19,,Air,AA,American Airways,Air,All,US,Individuals,All,,Bronze,"Loyalty  Portal, Mobile App",Married,10
O0090,10%  Seats,Accruals ,Discounts,10% discount on Xleg Seats,"Loyalty  Portal, Mobile App",50,,Discounts,,,Frequent Flyer Program,Bronze,,,P056,Seats,,,,,,Birthday,Anniversary,,01-Jan-19,31-Mar-19,,Air,AA,American Airways,Air,All,US,Individuals,All,,Bronze,"Loyalty  Portal, Mobile App",Married,10
O0091,Early Bird 20,Accruals ,Discounts, à la carte - 20% discount on early boarding for F&B,"Loyalty  Portal, Mobile App",50,,Discounts,,,Frequent Flyer Program,Bronze,,,P026,Early Boarding,,,,,,Birthday,Anniversary,,01-Jan-19,31-Mar-19,,Air,AA,American Airways,Air,All,US,Individuals,All,,Bronze,"Loyalty  Portal, Mobile App",Married,20
O0092,Marriot 20,Accruals ,Discounts,20% discount at Marriot,"Loyalty  Portal, Mobile App",50,,Discounts,,,Frequent Flyer Program,Bronze,,,P040,Marriot,,,,,,Birthday,Anniversary,,01-Jan-19,31-Mar-19,,Non Air,MM,Marriot,Hotel,All,US,Individuals,All,,Bronze,"Loyalty  Portal, Mobile App",Married,20
O0093,Uber 20,Accruals ,Discounts,20% discuount with Uber Cabs,"Loyalty  Portal, Mobile App",50,,Discounts,,,Frequent Flyer Program,Bronze,,,P066,Uber,,,,,,Birthday,Anniversary,,01-Jan-19,31-Mar-19,,Non Air,UU,Uber,Cab,All,US,Individuals,All,,Bronze,"Loyalty  Portal, Mobile App",Married,20
O0094,TI 20,Accruals ,Discounts,20% discount on Travel Insurance with TT insurance,"Loyalty  Portal, Mobile App",50,,Discounts,,,Frequent Flyer Program,Bronze,,,P065,TT Insurance,,,,,,Birthday,Anniversary,,01-Jan-19,31-Mar-19,,Non Air,TI,TT Insurance,Insurance,All,US,Individuals,All,,Bronze,"Loyalty  Portal, Mobile App",Married,20
O0095,Go Kido,,Offers,Loyalty Offer exclusively for Kids Under 12,"Loyalty  Portal, Mobile App",50,not for 12 years and above,Offers,Kids Offers,KC,Kids Club,Bronze,,,P048,Oryx Cards Kids Club,All,,,,,,,,01-Jul-19,31-Oct-19,,Non Air,ORX,Oryx,Credit Card,< 12,US,Kids,All,,Bronze,"Loyalty  Portal, Mobile App",Single,
O0096,Teddy Bear Feast,,Offers,Loyalty Offerfor Kids under 12 years,"Loyalty  Portal, Mobile App",50,not for 12 years and above,Offers,Kids Offers,KC,Kids Club,Bronze,,,P048,Oryx Cards Kids Club,All,,,,,,,,01-Jul-19,31-Oct-19,,Non Air,ORX,Oryx,Credit Card,< 12,US,Kids,All,,Bronze,"Loyalty  Portal, Mobile App",Single,
O0097,Kids Lounge,,Offers,Lounge Offer for Kids,"Loyalty  Portal, Mobile App",300,not for 12 years and above,Offers,Kids Offers,KC,Kids Club,Gold,,,P048,Oryx Cards Kids Club,All,,,,,Birthday,,,01-Dec-19,31-Jan-20,,Non Air,ORX,Oryx,Credit Card,< 12,US,Kids,All,,Gold,"Loyalty  Portal, Mobile App",Single,
O0098,Kids Snack Boxes,,Offers,All-new meal boxes filled with fun and nutritious food while in flight,"Loyalty  Portal, Mobile App",300,not for 12 years and above,Offers,Kids Offers,KC,Kids Club,Gold,,,P048,Oryx Cards Kids Club,All,,,,,Birthday,,,01-Oct-19,31-Dec-19,,Non Air,ORX,Oryx,Credit Card,< 12,US,Kids,All,,Gold,"Loyalty  Portal, Mobile App",Single,
O0099,Wherever Family,Accruals ,Discounts,15% off at THEWORKS,"Loyalty  Portal, Mobile App",300,not for below 18 years,Discounts,Kids Offers,KC,Kids Club,Gold,,,P048,Oryx Cards Kids Club,All,,,,,Birthday,,,01-Oct-19,31-Dec-19,,Non Air,ORX,Oryx,Credit Card,Dec-20,US,Kids,All,,Gold,"Loyalty  Portal, Mobile App",Single,15
O0100,DISNEY MOVIE REWARDS:,Accruals ,Discounts,15% discount for signing up for sign up for the Disney movie loyalty cards,"Loyalty  Portal, Mobile App",300,Under 18,Discounts,Kids Offers,KC,Kids Club,Gold,,,P048,Oryx Cards Kids Club,All,,,,,Birthday,,,01-Oct-19,31-Dec-19,,Non Air,ORX,Oryx,Credit Card,Dec-20,US,Kids,All,,Gold,"Loyalty  Portal, Mobile App",Single,15
O0101,GAME REWARD:,Accruals ,Discounts,10% Off for every game that you buy,"Loyalty  Portal, Mobile App",300,not for below 12 years ,Discounts,Kids Offers,KC,Kids Club,Gold,,,P048,Oryx Cards Kids Club,All,,,,,Birthday,,,01-Oct-19,31-Dec-19,,Non Air,ORX,Oryx,Credit Card,Dec-20,US,Kids,All,,Gold,"Loyalty  Portal, Mobile App",Single,10
O0102,HARRODS REWARDS:,Accruals ,Discounts,20% Discount for newborn baby essentials – everything from clothing to gift sets at Harrods,"Loyalty  Portal, Mobile App",300,not for above 5 years,Discounts,Kids Offers,KC,Kids Club,Gold,,,P048,Oryx Cards Kids Club,All,,,,,Birthday,,,01-Oct-19,31-Dec-19,,Non Air,ORX,Oryx,Credit Card,< 5,US,Kids,All,,Gold,"Loyalty  Portal, Mobile App",Single,20
O0103,SeniorFirst Winter 20,Accruals ,Discounts,Guests' age 65 and older are eligible for  20% discount for select Hotel rooms.,"Loyalty  Portal, Mobile App",300,Not for below 55 years,Discounts,Senior Citizens Offers,SCO,Frequent Flyer Program,Gold,,,P057,Senior Citizens Discounts,Winter,,,,,Birthday,,,01-Dec-19,31-Jan-20,,Non Air,MM,Marriot,Hotel,Above 65,US,Senior Citizens,All,,Gold,"Loyalty  Portal, Mobile App",Married,20
O0104,SeniorLadies Winter30,Accruals ,Discounts,Guests' age 65 and older are eligible for  30% discount for select Hotel rooms.,"Loyalty  Portal, Mobile App",300,Not for below 55 years,Discounts,Senior Citizens Offers,SCO,Frequent Flyer Program,Gold,,,P057,Senior Citizens Discounts,Winter,,,,,Birthday,,,01-Dec-19,31-Jan-20,,Non Air,MM,Marriot,Hotel,Above 65,US,Senior Citizens,F,,Gold,"Loyalty  Portal, Mobile App",All,30
O0105,SeniorGoRelax Winter30,Accruals ,Discounts,Guests' age 65 and older are eligible for  30% discount for select Hotel rooms and Cabs,"Loyalty  Portal, Mobile App",300,Not for below 55 years,Discounts,Senior Citizens Offers,SCO,Frequent Flyer Program,Gold,,,P057,Senior Citizens Discounts,Winter,,,,,Birthday,,,01-Dec-19,31-Jan-20,,Non Air,MM,Marriot,Hotel,Above 65,US,Senior Citizens,All,,Gold,"Loyalty  Portal, Mobile App",Married,30
O0106,Go Kido,,Offers,Loyalty Offer exclusively for Kids Under 12,Web,50,not for 12 years and above,Offers,Kids Offers,KC,Kids Club,Bronze,,,P048,Oryx Cards Kids Club,All,,,,,,,,01-Jan-19,31-Mar-19,,Non Air,ORX,Oryx,Credit Card,< 12,US,Kids,All,,Bronze,Web,Single,
O0107,Teddy Bear Feast,,Offers,Loyalty Offerfor Kids under 12 years,Web,50,not for 12 years and above,Offers,Kids Offers,KC,Kids Club,Bronze,,,P048,Oryx Cards Kids Club,All,,,,,,,,01-Jan-19,31-Mar-19,,Non Air,ORX,Oryx,Credit Card,< 12,US,Kids,All,,Bronze,Web,Single,
O0108,Kids Lounge,,Offers,Lounge Offer for Kids,Web,300,not for 12 years and above,Offers,Kids Offers,KC,Kids Club,Gold,,,P048,Oryx Cards Kids Club,All,,,,,Birthday,,,01-Jan-19,31-Mar-19,,Non Air,ORX,Oryx,Credit Card,< 12,US,Kids,All,,Gold,Web,Single,
O0109,Kids Snack Boxes,,Offers,All-new meal boxes filled with fun and nutritious food while in flight,web,300,not for 12 years and above,Offers,Kids Offers,KC,Kids Club,Gold,,,P048,Oryx Cards Kids Club,All,,,,,Birthday,,,01-Mar-19,31-Jul-19,,Non Air,ORX,Oryx,Credit Card,< 12,US,Kids,All,,Gold,web,Single,
O0110,HARRODS REWARDS:,Accruals ,Discounts,20% Discount for newborn baby essentials – everything from clothing to gift sets at Harrods,web,300,not for above 5 years,Discounts,Kids Offers,KC,Kids Club,Gold,,,P048,Oryx Cards Kids Club,All,,,,,Birthday,,,01-Mar-19,31-Jul-19,,Non Air,ORX,Oryx,Credit Card,< 5,US,Kids,All,,Gold,web,Single,20
O0111,HAMLEYS REWARDS:,Accruals ,Discounts,20% Discount for newborn baby essentials – everything from clothing to gift sets at Hamleys,web,300,not for above 5 years,Discounts,Kids Offers,KC,Kids Club,Gold,,,P048,Oryx Cards Kids Club,All,,,,,Birthday,,,01-Mar-19,31-Jul-19,,Non Air,ORX,Oryx,Credit Card,< 5,US,Kids,All,,Gold,web,Single,20
O0112,Kidos  ,Accruals ,Discounts,20% Discount for newborn baby essentials ,web,300,not for above 5 years,Discounts,Kids Offers,KC,Kids Club,Gold,,,P048,Oryx Cards Kids Club,All,,,,,Birthday,,,01-Mar-19,31-Jul-19,,Non Air,ORX,Oryx,Credit Card,< 5,US,Kids,All,,Gold,web,Single,20
O0113,NidoKidos,Accruals ,Discounts,20% Discount for newborn baby essentials – everything from clothing to gift sets at Nidokidos Stores,web,300,not for above 5 years,Discounts,Kids Offers,KC,Kids Club,Gold,,,P048,Oryx Cards Kids Club,All,,,,,Birthday,,,01-Mar-19,31-Jul-19,,Non Air,ORX,Oryx,Credit Card,< 5,US,Kids,All,,Gold,web,Single,20
O0114,Shop for $100 and get free shipping!!,,Promotions,Shop for $100 from Target Portal and get free shipping,Web,100,,Promotions,,,,,,,P061,Target Offers,,,,,,,,,01-Sep-19,12/31/2019,,,,,,,,,,,,,,
O0115,Early Access Offer,Accruals ,Promotions,New Product that’s not officially Launched,"Loyalty  Portal, Email, Mobile App",50,,Points,Loyalty Bonus Status Credits,EAP,Early Access Program,Bronze,TLBS,,P045,New Launches,Summer 2019,April ,,,,,,,01-Jun-20,31-Aug-20,,Air,QF,Qantas Airways,,40-65,Europe,Corporates,All,,Bronze,Loyalty  Portal,Both,
O0116,"40,00 Bonus Points  with AMEx Saphire Card",Accruals ,Promotions,"40,00 Bonus Points [Highest EVER Bonus]  with AMEx Saphire Card","Web,Email",4000,,Points,Promotional Status Credits,PSC,Points Related Promotions,Saphire,,,P019,Credit Card Offer,Summer 2020,May,,,,,,,01-Jun-20,31-Aug-20,,Non Air,AMEX,American Express,Credit Card,30 - 40,US,Individuals,All,,Saphire,Web,Both,
O0117," 60,00 Rewards points  with AMEx Platinum Card",Accruals ,Promotions,"Earn 60,000 Membership Rewards points  with AMEx Platinum Card","Web,Email",6000,,Points,Promotional Status Credits,PSC,Points Related Promotions,Platinum,,,P019,Credit Card Offer,Summer 2020,May,,,,,,,01-Jun-20,31-Aug-20,,Non Air,AMEX,American Express,Credit Card,All,US,Individuals,All,,Platinum,Web,All,
O0118,"35,00  Rewards points with AMEx Gold Card",Accruals ,Promotions,"Earn 35,00 Membership Rewards points with AMEx Gold Card","Web,Email",3500,,Points,Promotional Status Credits,PSC,Points Related Promotions,Platinum,,,P019,Credit Card Offer,Summer 2020,May,,,,,,,01-Jun-20,31-Aug-20,,Non Air,AMEX,American Express,Credit Card,All,US,Individuals,All,,Gold,Web,All,
O0119,Member Only - Early Birds 100,Redemption,Promotions,Redeem new products listed exclusively for members- First 100,"Mobile App, SMS",100,,Points,Promotional Status Credits,PSC,Points Related Promotions,Gold,,,P043,Member Only Offers,Fall 2019,Dec,,New Year,,,,,01-Jun-20,31-Aug-20,,Air,Luftansa,Luftansa,Airlines,All,US,Corporates,All,,Gold,"Mobile App, SMS",All,
O0120,Member Only - Spring 10,Redemption,Promotions,Redeem new products listed exclusively for members - Sprint Sale 2020,"Mobile App, SMS",200,,Points,Promotional Status Credits,PSC,Points Related Promotions,Gold,,,P043,Member Only Offers,Fall 2019,Dec,,,,,,,01-Jun-20,31-Aug-20,,Air,Luftansa,Luftansa,Airlines,40-65,US,Individuals,All,,Gold,"Mobile App, SMS",All,
O0121,Member Only - Thanks Giving 20,Redemption,Promotions,Redeem new products listed exclusively for members - Thanks Giving sale 2020,"Mobile App, SMS",200,,Points,,FFP,Frequent Flyer Program,Gold,,,P043,Member Only Offers,,,,,,,,,01-Jun-20,31-Aug-20,,Air,,,,All,US,,,,Gold,"Mobile App, SMS",All,
O0122,Member Only - Independence Day,Redemption,Promotions,Redeem new products listed exclusively for members - Independence day sale,"Mobile App, SMS",300,,Points,,FFP,Frequent Flyer Program,Gold,,,P043,Member Only Offers,,,,,,,,,01-Jun-20,31-Aug-20,,Air,,,,All,,,,,Gold,"Mobile App, SMS",All,
O0123,Member Only - Fun 50,Redemption,Promotions,Redeem new products listed exclusively for members,"Mobile App, SMS",300,,Points,,FFP,Frequent Flyer Program,Gold,,,P043,Member Only Offers,,,,,,,,,01-Jun-20,31-Aug-20,,Air,,,,All,,,,,Gold,"Mobile App, SMS",All,
O0124,Join US for 50,Accruals ,Coupons,Create an account gain 50 points,Web,100,,Cash,New Subscribers Offers,FFP,Frequent Flyer Program,Bronze,,,P054,Refer a friend,,,,,,,,,01-Jun-20,31-Aug-20,,Non Air,WLFF,WeLoveFunFit,E-commerce,20-30,US,New Subscribers  - Individuals,All,,Bronze,Web,All,
O0125,5 points per $1 ,Accruals ,Coupons,Make a purchase 5 points per $1 . Earn point for every Dollar you spend for a minium of $50 purchase,Web,50,,Cash,New Subscribers Offers,FFP,Frequent Flyer Program,Bronze,,,P052,Redeem offers,,,,,,,,,01-Jul-20,31-Oct-20,,Non Air,WLFF,WeLoveFunFit,E-commerce,20-30,US,New Subscribers  - Individuals,All,,Bronze,Web,All,
O0126,Get 10% off on next Max purchase. Expiry : 31/01/2020,,Coupons,Sign up for loyalty and and get 10% off on next MAX store purchase. Expiry : 31/01/2021,Web,50,,Cash,New Subscribers Offers,FFP,Frequent Flyer Program,Bronze,,,P042,MAX,,,,,,,,,01-Jul-20,31-Dec-20,,Non Air,WLFF,WeLoveFunFit,E-commerce,20-30,US,New Subscribers  - Individuals,All,,Bronze,Web,All,
O0127,Friend-200,Accruals ,Coupons,Refer a friend earn 200 points,Web,50,,Cash,New Subscribers Offers,FFP,Frequent Flyer Program,Bronze,,,P036,Loyalty Offers,,,,,,,,,01-Jul-20,31-Dec-20,,Non Air,WLFF,WeLoveFunFit,E-commerce,20-30,US,New Subscribers  - Individuals,All,,Bronze,Web,All,
O0128,$10 off 200 points,Redemption,Discounts,Redeem 200 points and avail $10 discount in selected stores,Web,100,,Discounts,New Subscribers Offers,FFP,Frequent Flyer Program,Bronze,,,P052,Redeem offers,,,,,,,,,01-Apr-20,31-Jul-20,,Non Air,WLFF,WeLoveFunFit,E-commerce,20-30,US,New Subscribers  - Individuals,All,,Bronze,Web,All,10
O0129,15% Off 200 Points,Redemption,Discounts,Redeem 200 points and avail $15 discount in selected stores,Web,100,,Discounts,New Subscribers Offers,FFP,Frequent Flyer Program,Bronze,,,P052,Redeem offers,,,,,,,,,01-Apr-20,31-Jul-20,,Non Air,WLFF,WeLoveFunFit,E-commerce,20-30,US,New Subscribers  - Individuals,All,,Bronze,Web,All,15
O0130,30$ off 280 points,Redemption,Discounts,Redeem 280 points and avail $30 discount in selected stores,Web,100,,Discounts,,FFP,Frequent Flyer Program,Gold,,,P052,Redeem offers,,,,,,,,,01-Jul-20,31-Aug-20,,Non Air,WLFF,WeLoveFunFit,E-commerce,20-30,US,New Subscribers  - Individuals,All,,Gold,Web,All,10
O0131,NIKE 15,Redemption,Discounts,15% off on Purchase of $100 from NIKE . Expires 31/12/2020,Web,100,,Discounts,,FFP,Frequent Flyer Program,Gold,,,P046,NIKE,,,,,,,,,01-Jul-20,31-Aug-20,,Non Air,WLFF,WeLoveFunFit,E-commerce,20-30,US,New Subscribers  - Individuals,All,,Gold,Web,All,10
O0132,Target 10,Accruals ,Discounts,10% Discount on your next Target Store Visit,Web,100,,Discounts,,FFP,Frequent Flyer Program,Bronze,,,P060,Target Discounts,,,,,,,,,01-Jul-20,31-Aug-20,,,TC,Target Corp,Retail,All,US,,,,Bronze,Web,All,10
O0133,Target 15,Accruals ,Discounts,15% Discount on your next Target Store Visit,Web,150,,Discounts,,FFP,Frequent Flyer Program,Bronze,,,P060,Target Discounts,,,,,,,,,01-Jul-20,31-Aug-20,,,TC,Target Corp,Retail,All,US,,,,Bronze,Web,All,15
O0134,Target 25,Accruals ,Discounts,25% Discount on spending 100 USD,Web,250,,Discounts,,FFP,Frequent Flyer Program,Gold,,,P060,Target Discounts,,,,,,,,,01-Jul-20,31-Aug-20,,Non Air,TC,Target Corp,Retail,All,US,Individuals,All,,Gold,Web,All,25
O0135,Walmart 10,Accruals ,Discounts,10% Discount on your next Walmart Store Visit,Web,100,,Discounts,,FFP,Frequent Flyer Program,Bronze,,,P067,Walmart discounts,,,,,,,,,01-Jul-20,31-Dec-20,,,TC,Walmart Corp,Retail,All,AUS,All,All,,Bronze,Web,All,10
O0136,Walmart 15,Accruals ,Discounts,15% Discount on your next Walmart Store Visit,Web,100,,Discounts,,FFP,Frequent Flyer Program,Bronze,,,P067,Walmart discounts,,,,,,,,,01-Jul-20,31-Dec-20,,,TC,Walmart Corp,Retail,All,AUS,All,All,,Bronze,Web,All,15
O0137,Walmart 25,Accruals ,Discounts,25% Discount on spending 100 USD,Web,100,,Discounts,,FFP,Frequent Flyer Program,Gold,,,P067,Walmart discounts,,,,,,,,,01-Jul-20,31-Dec-20,,Non Air,TC,Walmart Corp,Retail,All,US,Individuals,All,,Gold,Web,All,25
O0138,Redeem your Starbucks Reward,Redemption,Redeem,Gain/Acrue 300 points and redeem your Starbucks Reward,Web,300,,Cash,,FFP,Frequent Flyer Program,Gold,,,P058,Starbucks offers,Winter,,,,,,,,01-Jul-20,31-Dec-20,,,SB,Starbucks,Eat,All,US,Individuals,All,,Gold,Web,All,
O0139,Redeem your Starbucks Reward,Redemption,Redeem,Gain/Acrue 300 points and redeem your Starbucks Reward,"Mobile App, SMS",300,,Cash,,FFP,Frequent Flyer Program,Gold,,,P058,Starbucks offers,,,,,,,Anniversary Discounts,,02-Jan-20,31-Mar-20,,Non Air,SB,Starbucks,Eat,All,US,Individuals,All,,Gold,"Mobile App, SMS",All,
O0140,Redeem your Starbucks Reward,Redemption,Redeem,Gain/Acrue 300 points and redeem your Starbucks Reward,"Mobile App, SMS",300,,Cash,,FFP,Frequent Flyer Program,Gold,,,P058,Starbucks offers,,,,,,Birthday Offers,,,01-Sep-20,31-Dec-20,,Non Air,SB,Starbucks,Eat,All,US,Individuals,All,,Gold,"Mobile App, SMS",All,
O0141,Earn 2x with Chase Sapphire Preferred,,Points,Earn 2x Points on All Travel and Dining Purchases [$300],Social Media,100,,Points,,FFP,Frequent Flyer Program,Bronze,,,P018,Chase Credit Cards,Winter 20,Jan,,,Weekend Offers,,,,02-Jan-20,31-May-20,,Non Air,AB2,Airbnb,Booking ,All,US,Individuals,All,,Bronze,Social Media,All,
O0142,Earn 2x with Chase Sapphire Preferred,,Points,Earn 2x Points on All Travel and Sports Purchases,Social Media,100,,Points,,FFP,Frequent Flyer Program,Bronze,,,P018,Chase Credit Cards,Winter 21,Feb,,,Weekend Offers,,,,02-Jan-20,31-May-20,,,UU,Uber,Cab,All,US,Individuals,All,,Bronze,Social Media,All,
O0143,Earn 2x with Chase Sapphire Preferred,,Points,Earn 2x Points on All Travel and Hotel Bookings,Social Media,50,,Points,,FFP,Frequent Flyer Program,Bronze,,,P018,Chase Credit Cards,Winter 22,Jan,,,Weekend Offers,,,,02-Jan-20,31-May-20,,,BCLA,Barista Coffee,Eat,All,US,Individuals,All,,Bronze,Social Media,All,
O0144,Earn 2x with Chase Sapphire Preferred,,Points,Earn 2x Points on All Travel and Wine Purchases [$300],Social Media,50,,Points,,FFP,Frequent Flyer Program,Bronze,,,P018,Chase Credit Cards,Winter 23,Feb,,,Weekend Offers,,,,02-Jan-20,31-May-20,,Non Air,EXP,Expedia,Booking ,All,US,Individuals,All,,Bronze,Social Media,All,
O0145,JULY 4 20,Accruals ,Discounts,Upto 20% off on Flight Fees,Web,100,,Discounts,,FFP,Frequent Flyer Program,Bronze,,,P006,Airline Fare Discounts,Holiday,July,1,Independence Day,,,,,01-Jul-20,31-Jul-20,,Air,LF,Luftanza,Air,All,US,Individuals,All,,Bronze,Web,All,15
O0146,Buy & Earn Miles with ABC,,Points,"Buy miles now, together sooner. Earn up to 120,000 bonus miles when you buy or gift ABC miles",Web,200,,Points,,FFP,Frequent Flyer Program,Bronze,,,P001,ABC miles,Holiday,,,Vacation,,,,,01-Jul-20,31-Oct-20,,Air,AA,ABC Card,Credit Card,All,US,Individuals,All,,Bronze,Web,,
O0147,Earn miles with ABC,,Points,Earn more miles on your purchase when you use your eligible ABC  credit card.,Web,100,,Points,,FFP,Frequent Flyer Program,Bronze,,,P001,ABC miles,Holiday,,,Vacation,,,,,01-Jul-20,31-Oct-20,,Air,AA,ABC Card,Credit Card,All,US,Individuals,All,,Bronze,Web,,
O0148,Earn Bonus miles,,Points,"Earn 25,00 bonus miles on a future vacation to Jamaica.",Web,2500,,Points,,FFP,Frequent Flyer Program,Platinum,,,P013,Bonus miles,Holiday,,,Vacation,,,,,02-Jan-20,31-Mar-20,,Air,AA,ABC Card,Credit Card,All,US,Individuals,All,,Gold,Web,,
O0149,Earn Bonus miles,,Points,"Earn 30,000 bonus miles when you book a vacation to Costa Rica.",Web,3000,,Points,,FFP,Frequent Flyer Program,Platinum,,,P013,Bonus miles,Holiday,,,Vacation,,,,,01-Jun-20,31-Aug-20,,Air,AA,ABC Card,Credit Card,All,US,Individuals,All,,Gold,Web,,
O0150,Earn Bonus Miles,,Points,"Earn 50,000 bonus miles when you book a vacation to Paris  with ABC Card",Web,5000,,points,,FFP,Frequent Flyer Program,Platinum,,,P013,Bonus miles,,,,,,,,,01-Jun-20,31-Aug-20,,Air,AA,ABC Card,Credit Card,All,US,Individuals,All,,Platinum,Web,,
O0151,Celebrate Summer Sale 20,Accruals ,Discounts,Save 20%/night on Marriot stay  to all destinations,Social Media,100,,Discounts,,FFP,Frequent Flyer Program,Bronze,,,P041,Marriot ,Holiday,,,Summer,,,,,01-Jul-20,31-Oct-20,,Air,AM,Americal Airways,Air,All,US,Individuals,All,,Bronze,Social Media,,20
O0152,Celebrate Summer Sale 30,Accruals ,Discounts,Save 30%/night  on Marriot stay to all destinations,Social Media,400,,Discounts,,FFP,Frequent Flyer Program,Gold,,,P041,Marriot ,Holiday,,,Summer,,,,,01-Jun-20,31-Aug-20,,Air,AM,Americal Airways,Air,All,US,Individuals,All,,Gold,Social Media,,30
O0154,Celebrate Summer Sale 40,Accruals ,Discounts,Save 40%/night  on Marriot stay to all destinations,Social Media,500,,Discounts,,FFP,Frequent Flyer Program,Platinum,,,P041,Marriot ,Holiday,,,Summer,,,,,01-Jun-20,31-Aug-20,,Air,AM,Americal Airways,Air,All,US,Individuals,All,,Platinum,Social Media,,40
O0155,35% with Budget,Accruals ,Discounts,Save up to 35% with Budget,Web,100,,Discounts,,FFP,Frequent Flyer Program,Bronze,,,P017,Budget,Holiday,,,Vacation,,,,,01-Jul-20,31-Oct-20,,Non Air,BJT,Budget,Cab,All,US,All,All,,Bronze,Web,All,35
O0156,Earn miles with every stay,,Points,"Book hotels and earn up to 10,000 miles per night on select properties.",Web,200,,Points,,FFP,Frequent Flyer Program,Bronze,,,P033,Hilton,,,,,,,,,01-Jul-20,31-Oct-20,,,MM,Marriot,Hotel,All,US,Individuals,All,,Bronze,Web,Married,
O0157, à la carte - Food & Bev,Accruals ,Discounts,Get 15% off on F&B,Web,200,,Discounts,,,Frequent Flyer Program,Bronze,,,P009,Ancillary-Food & Bev ,,,,,,Birthday,Anniversary,,01-Jul-20,31-Oct-20,,Air,AA,American Airways,Air,All,US,Individuals,All,,Bronze,Web,Married,15
O0159, à la carte - Food & Bev- Wine,Accruals ,Discounts,Get 15% off on F&B-Wine,Web,100,not for <18 years of age,Discounts,,,Frequent Flyer Program,Bronze,,,P070,Wine,,,,,,Birthday,Anniversary,,02-Jan-20,31-Mar-20,,Air,AA,American Airways,Air,All,US,Individuals,All,,Bronze,Web,Married,15
O0160, à la carte - Baggage and excess baggage,Accruals ,Discounts,10% discount on excess baggage,Web,50,,Discounts,,,Frequent Flyer Program,Bronze,,,P011,Baggage,,,,,,Birthday,Anniversary,,01-Sep-20,31-Oct-20,,Air,AA,American Airways,Air,All,US,Individuals,All,,Bronze,Web,Married,10
O0161, à la carte - Seats,Accruals ,Discounts,20% discount on Xleg Seats,Web,50,,Discounts,,,Frequent Flyer Program,Bronze,,,P056,Seats,,,,,,Birthday,Anniversary,,01-Sep-20,31-Oct-20,,Air,AA,American Airways,Air,All,US,Individuals,All,,Bronze,Web,Married,20
O0162,Early Bird 10,Accruals ,Discounts, à la carte - 20% discount on early boarding for F&B,"Loyalty  Portal, Mobile App",50,,Discounts,,,Frequent Flyer Program,Bronze,,,P026,Early Boarding,,,,,,Birthday,Anniversary,,01-Sep-20,31-Oct-20,,Air,AA,American Airways,Air,All,US,Individuals,All,,Bronze,"Loyalty  Portal, Mobile App",Married,20
O0163,Marriot 10,Accruals ,Discounts, 10% discount at Marriot,"Loyalty Portal , Web",50,,Discounts,,,Frequent Flyer Program,Bronze,,,P040,Marriot,,,,,,Birthday,Anniversary,,01-Sep-20,31-Oct-20,,Non Air,MM,Marriot,Hotel,All,US,Individuals,All,,Bronze,"Loyalty Portal , Web",Married,10
O0164,Uber 15,Accruals ,Discounts,15% discuount with Uber Cabs when you book rooms at Hilton,"Loyalty  Portal, Mobile App",50,,Discounts,,,Frequent Flyer Program,Bronze,,,P066,Uber,,,,,,Birthday,Anniversary,,01-Sep-20,31-Oct-20,,Non Air,UU,Uber,Cab,All,US,Individuals,All,,Bronze,"Loyalty  Portal, Mobile App",Married,15
O0165,TI 20,Accruals ,Discounts,20% discount on Travel Insurance with TT insurance,"Loyalty  Portal, Mobile App",50,,Discounts,,,Frequent Flyer Program,Bronze,,,P065,TT Insurance,,,,,,Birthday,Anniversary,,01-Sep-20,31-Oct-20,,Non Air,TI,TT Insurance,Insurance,All,US,Individuals,All,,Bronze,"Loyalty  Portal, Mobile App",Married,20
O0167,Early Bird  Offer,,Promotions,New Product that’s not officially Launched,"Loyalty  Portal, Mobile App",50,not for <18 years of age,Points,Loyalty Bonus Status Credits,EAP,Early Access Program,Bronze,TLBS,,P045,New Launches,Summer 2020,April ,,,,,,,02-Jan-20,31-Mar-20,,Air,QF,Qantas Airways,,40-65,Europe,Corporates,All,,Bronze,"Loyalty  Portal, Mobile App",Both,
O0168,"4,000 Bonus Points  with AMEx Saphire Card",Accruals ,Promotions,"60,000 Bonus Points [Highest EVER Bonus]  with Chase Saphire Card","Loyalty  Portal, Mobile App",4000,,Discounts,Promotional Status Credits,PSC,Points Related Promotions,Saphire,,,P019,Credit Card Offer,Summer 2020,May,,,,,,,01-Jun-20,31-Aug-20,,Non Air,CH,Chase ,Credit Card,30 - 40,US,Individuals,All,,Saphire,"Loyalty  Portal, Mobile App",Both,
O0169," 60,00 Rewards points  with AMEx Platinum Card",,Promotions,"Earn 60,000 Membership Rewards points  with Chase Platinum Card","Loyalty  Portal, Mobile App",6000,,Discounts,Promotional Status Credits,PSC,Points Related Promotions,Platinum,,,P019,Credit Card Offer,Summer 2021,May,,,,,,,02-Jan-20,31-Mar-20,,Non Air,CH,Chase ,Credit Card,All,US,Individuals,All,,Platinum,"Loyalty  Portal, Mobile App",All,
O0170,"35,000  Rewards points with AMEx Gold Card",,Promotions,"Earn 35,000 Membership Rewards points with Chase Gold Card","Loyalty  Portal, Mobile App",250,,Discounts,Promotional Status Credits,PSC,Points Related Promotions,Gold,,,P019,Credit Card Offer,Summer 2022,May,,,,,,,01-Jun-20,31-Aug-20,,Non Air,CH,Chase ,Credit Card,All,US,Individuals,All,,Gold,"Loyalty  Portal, Mobile App",All,
O0171,Member Only FFP - Fun 50,Redemption,Promotions,Redeem new products listed exclusively for FFP members,"Loyalty  Portal, Mobile App",250,,Discounts,Promotional Status Credits,PSC,Points Related Promotions,Gold,,,P043,Member Only Offers,Fall 2020,Dec,,New Year,,,,,01-Jun-20,31-Aug-20,,Air,LH,Luftansa,Airlines,All,US,Corporates,All,,Gold,"Loyalty  Portal, Mobile App",All,
O0172,Member Only - Fun 50 Gold,Redemption,Promotions,Redeem new products listed exclusively for Gold members,"Loyalty  Portal, Mobile App",250,,Discounts,Promotional Status Credits,PSC,Points Related Promotions,Gold,,,P043,Member Only Offers,Fall 2020,Dec,,,,,,,01-Jun-20,31-Aug-20,,Non Air,LH,Luftansa,Airlines,40-65,US,Individuals,All,,Gold,"Loyalty  Portal, Mobile App",All,
O0173,Member Only - Fun 50 Platinum,Redemption,Promotions,Redeem new products listed exclusively for Platinummembers ,"Loyalty  Portal, Mobile App",500,,Discounts,,FFP,Frequent Flyer Program,Platinum,,,P043,Member Only Offers,Summer 2020,April ,,,,,,,02-Jan-20,31-Mar-20,,Non Air,,,,All,,All,All,,Platinum,"Loyalty  Portal, Mobile App",All,
O0174,Member Only - Fun 50 Br,Redemption,Promotions,Redeem new products listed exclusively for Bronze members,"Loyalty  Portal, Mobile App",50,,Discounts,,FFP,Frequent Flyer Program,Bronze,,,P043,Member Only Offers,Summer 2021,May,,,,,,,02-Jan-20,31-Mar-20,,Non Air,,,,All,,All,All,,Bronze,"Loyalty  Portal, Mobile App",All,
O0175,Member Only - Fun 50 New,Redemption,Promotions,Redeem new products listed exclusively for New members,"Loyalty  Portal, Mobile App",50,,Discounts,,FFP,Frequent Flyer Program,Bronze,,,P043,Member Only Offers,Summer 2022,June,,,,,,,02-Jan-20,31-Mar-20,,Non Air,,,,All,,All,All,,Bronze,"Loyalty  Portal, Mobile App",All,
O0176,Join the world for 2000,,Coupons,Join the Loyalty Program account gain 2000 points,"Loyalty  Portal, Mobile App, Email",50,,Cash,New Subscribers Offers,FFP,Frequent Flyer Program,Bronze,,,P035,Loyalty Member Addition,,,,,,,,,02-Jan-20,31-Mar-20,,Non Air,WLFF,WeLoveFunFit,E-commerce,20-30,US,New Subscribers  - Individuals,All,,Bronze,"Loyalty  Portal, Mobile App",All,
O0177,10 point per $1 ,,Coupons,Make a purchase 10 points per $1 . Earn point for every Dollar you spend,"Loyalty  Portal, Mobile App",50,,Cash,New Subscribers Offers,FFP,Frequent Flyer Program,Bronze,,,P036,Loyalty Offers,,,,,,,,,02-Jan-20,31-Mar-20,,Non Air,WLFF,WeLoveFunFit,E-commerce,20-30,US,New Subscribers  - Individuals,All,,Bronze,"Loyalty  Portal, Mobile App",All,
O0178,Friend-500,,Coupons,Refer a friend earn 500 points,"Loyalty  Portal, Mobile App",50,,Cash,New Subscribers Offers,FFP,Frequent Flyer Program,Bronze,,,P036,Loyalty Offers,,,,,,,,,02-Jan-20,31-Mar-20,,Non Air,WLFF,WeLoveFunFit,E-commerce,20-30,US,New Subscribers  - Individuals,All,,Bronze,"Loyalty  Portal, Mobile App",All,
O0179,$10 off 200 points,Redemption,Discounts,Redeem points for discounts,"Loyalty  Portal, Mobile App",50,,Discounts,New Subscribers Offers,FFP,Frequent Flyer Program,Bronze,,,P053,Redemption Offers,,,,,,,,,02-Jan-20,31-Mar-20,,Non Air,WLFF,WeLoveFunFit,E-commerce,20-30,US,New Subscribers  - Individuals,All,,Bronze,"Loyalty  Portal, Mobile App",All,20
O0180,35% Off 1000 Points,Redemption,Discounts,Redeem points for discounts,"Loyalty  Portal, Mobile App",100,,Discounts,New Subscribers Offers,FFP,Frequent Flyer Program,Bronze,,,P053,Redemption Offers,,,,,,,,,02-Jan-20,31-Mar-20,,Non Air,WLFF,WeLoveFunFit,E-commerce,20-30,US,New Subscribers  - Individuals,All,,Bronze,"Loyalty  Portal, Mobile App",All,5
O0181,30$ off 2800 points,Redemption,Discounts,Redeem points for discounts,"Loyalty  Portal, Mobile App",250,,Discounts,,FFP,Frequent Flyer Program,Gold,,,P053,Redemption Offers,,,,,,,,,01-Jun-20,31-Aug-20,,Non Air,WLFF,WeLoveFunFit,E-commerce,20-30,US,New Subscribers  - Individuals,All,,Gold,"Loyalty  Portal, Mobile App",All,8
O0182,Summer Target 10,Accruals ,Discounts,10% Discount on your next Target Store Visit,"Loyalty  Portal, Mobile App",100,,Discounts,,FFP,Frequent Flyer Program,Bronze,,,P061,Target Offers,Summer ,May,,Summer,,,,,02-Jan-20,31-Mar-20,,,TC,Target Corp,Retail,All,US,All,All,,Bronze,"Loyalty  Portal, Mobile App",All,10
O0183,Summer Target 15,Accruals ,Discounts,15% Discount on your next Target Store Visit,"Loyalty  Portal, Mobile App",100,,Discounts,,FFP,Frequent Flyer Program,Bronze,,,P061,Target Offers,Summer ,May,,Summer,,,,,02-Jan-20,31-Mar-20,,,TC,Target Corp,Retail,All,US,All,All,,Bronze,"Loyalty  Portal, Mobile App",All,15
O0184,Summer Target 25,Accruals ,Discounts,25% Discount on spending 100 USD,"Loyalty  Portal, Mobile App",250,,Discounts,,FFP,Frequent Flyer Program,Gold,,,P061,Target Offers,Summer ,May,,Summer,,,,,02-Jan-20,31-Mar-20,,Non Air,TC,Target Corp,Retail,All,US,Individuals,All,,Gold,"Loyalty  Portal, Mobile App",All,25
O0185,Summer Walmart 10,Accruals ,Discounts,10% Discount on your next Walmart Store Visit,"Loyalty  Portal, Mobile App",100,,Discounts,,FFP,Frequent Flyer Program,Bronze,,,P068,Walmart Offers,Summer ,May,,Summer,,,,,02-Jan-20,31-Mar-20,,,TC,Walmart Corp,Retail,All,AUS,All,All,,Bronze,"Loyalty  Portal, Mobile App",All,10
O0186,Summer Walmart 15,Accruals ,Discounts,15% Discount on your next Walmart Store Visit,"Loyalty  Portal, Mobile App",100,,Discounts,,FFP,Frequent Flyer Program,Bronze,,,P068,Walmart Offers,Summer ,May,,Summer,,,,,02-Jan-20,31-Mar-20,,,TC,Walmart Corp,Retail,All,AUS,All,All,,Bronze,"Loyalty  Portal, Mobile App",All,15
O0188,Summer Walmart 25,Accruals ,Discounts,25% Discount on spending 100 USD,"Loyalty  Portal, Mobile App",250,,Discounts,,FFP,Frequent Flyer Program,Gold,,,P068,Walmart Offers,Summer ,May,,Summer,,,,,02-Jan-20,31-Mar-20,,Non Air,TC,Walmart Corp,Retail,All,US,Individuals,All,,Gold,"Loyalty  Portal, Mobile App",All,25
O0189,Starbucks 300,Redemption,Redeem,Gain/Acrue 300 points and redeem your Starbucks Reward,"Loyalty  Portal, Mobile App",250,,Cash,,FFP,Frequent Flyer Program,Gold,,,P058,Starbucks offers,Winter,,,,,,,,02-Jan-20,31-Mar-20,,,SB,Starbucks,,All,US,Individuals,All,,Gold,"Loyalty  Portal, Mobile App",All,
O0191,Starbucks 3k,Redemption,Redeem,Gain/Acrue 30o0 points and redeem your Starbucks Reward,"Loyalty  Portal, Mobile App",250,,Cash,,FFP,Frequent Flyer Program,Gold,,,P058,Starbucks offers,,,,,,,Anniversary Discounts,,02-Jan-20,31-Mar-20,,Non Air,SB,Starbucks,,All,US,Individuals,All,,Gold,"Loyalty  Portal, Mobile App",All,
O0192,Starbucks 33,Redemption,Redeem,Gain/Acrue 3300 points and redeem your Starbucks Reward,"Loyalty  Portal, Mobile App",300,,Cash,,FFP,Frequent Flyer Program,Gold,,,P058,Starbucks offers,,,,,,Birthday Offers,,,02-Jan-20,31-Mar-20,,Non Air,SB,Starbucks,,All,US,Individuals,All,,Gold,"Loyalty  Portal, Mobile App",All,
O0193,Earn 2x with Chase Sapphire Preferred,,Points,Earn 2x Points on All Travel and Dining Purchases [$300],Social Media,100,,Points,,FFP,Frequent Flyer Program,Bronze,,,P005,Airbnb,Winter 20,Jan,,,Weekend Offers,,,,02-Jan-20,31-Mar-20,,Non Air,AB2,Airbnb,Booking ,All,US,Individuals,All,,Bronze,Social Media,All,
O0194,Earn 3x with Chase Sapphire Preferred,,Points,Earn 3x Points on All Travel and Dining Purchases [$300],Social Media,100,,Points,,FFP,Frequent Flyer Program,Bronze,,,P066,Uber,Winter 21,Feb,,,Weekend Offers,,,,02-Jan-20,31-Mar-20,,,UU,Uber,Cab,All,US,Individuals,All,,Bronze,Social Media,All,
O0195,Earn 2x with Chase Platinum  Preferred,,Points,Earn 2x Points on All Travel and Dining Purchases [$300],Social Media,100,,Points,,FFP,Frequent Flyer Program,Bronze,,,P012,Barista Coffee,Winter 22,Jan,,,Weekend Offers,,,,02-Jan-20,31-Mar-20,,,BCLA,Barista Coffee,Eat,All,US,Individuals,All,,Bronze,Social Media,All,
O0197,Earn 3x with Chase Platinum Preferred,,Points,Earn 3x Points on All Travel and Dining Purchases [$300],Social Media,100,,Points,,FFP,Frequent Flyer Program,Bronze,,,P028,Expedia,Winter 23,Feb,,,Weekend Offers,,,,02-Jan-20,31-Mar-20,,Non Air,EXP,Expedia,Booking ,All,US,Individuals,All,,Bronze,Social Media,All,
O0198,JULY 4k 15,Accruals ,Discounts,Upto 15% off on Flight Fees,"Loyalty  Portal, Mobile App",100,,Discounts,,FFP,Frequent Flyer Program,Bronze,,,P006,Airline Fare Discounts,Holiday,July,1,Independence Day,,,,,02-Jan-20,31-Mar-20,,Air,LF,Luftanza,Air,All,US,Individuals,All,,Bronze,"Loyalty  Portal, Mobile App",All,15
O0199,Buy & Earn 2k Miles with ABC,Accruals ,Points,"Buy miles now, together sooner. Earn up to 120,000 bonus miles when you buy or gift ABC miles","Loyalty  Portal, Mobile App",100,,Points,,FFP,Frequent Flyer Program,Bronze,,,P001,ABC miles,Holiday,,,Vacation,,,,,02-Jan-20,31-Mar-20,,Air,AA,ABC Card,Credit Card,All,US,Individuals,All,,Bronze,"Loyalty  Portal, Mobile App",,
O0200,Earn 2x miles with Manhattan,Accruals ,Points,Earn more miles on your purchase when you use your eligible Manhattan  credit card.,"Loyalty  Portal, Mobile App",50,,Points,,FFP,Frequent Flyer Program,Bronze,,,P038,Manhattan,Holiday,,,Vacation,,,,,02-Jan-20,31-Mar-20,,Air,AA,ABC Card,Credit Card,All,US,Individuals,All,,Bronze,"Loyalty  Portal, Mobile App",,
O0201,Earn Bonus miles with ABC,Accruals ,Points,"Earn 25,000 bonus miles on a future vacation to Jamaica.","Loyalty  Portal, Mobile App",300,,Points,,FFP,Frequent Flyer Program,Gold,,,P013,Bonus miles,Holiday,,,Vacation,,,,,02-Jan-20,31-Mar-20,,Air,AA,ABC Card,Credit Card,All,US,Individuals,All,,Gold,"Loyalty  Portal, Mobile App",,
O0202,Earn Bonus miles with ABC,Accruals ,Points,"Earn 30,000 bonus miles when you book a vacation to Costa Rica.","Loyalty  Portal, Mobile App",300,,Points,,FFP,Frequent Flyer Program,Gold,,,P013,Bonus miles,Holiday,,,Vacation,,,,,02-Jan-20,31-Mar-20,,Air,AA,ABC Card,Credit Card,All,US,Individuals,All,,Gold,"Loyalty  Portal, Mobile App",,
O0203,Earn 5000 Bonus Miles,Accruals ,Points,Earn 500 bonus miles when you book a vacation to Paris  with ABC Card,"Loyalty  Portal, Mobile App",5000,,points,,FFP,Frequent Flyer Program,Platinum,,,P013,Bonus miles,,,,,,,,,02-Jan-20,31-Mar-20,,Air,AA,ABC Card,Credit Card,All,US,Individuals,All,,Platinum,"Loyalty  Portal, Mobile App",,
O0204,Celebrate Fall Sale 20,Accruals ,Discounts,Save 20%/night to all destinations,Social Media,50,,Discounts,,FFP,Frequent Flyer Program,Bronze,,,P007,American,Holiday,,,Fall Holidays,,,,,15-Sep-20,31-Dec-20,,Air,AM,Americal Airways,Air,All,US,Individuals,All,,Bronze,Social Media,,20
O0205,Celebrate Fall Sale 30,Accruals ,Discounts,Save 30%/night to all destinations,Social Media,300,,Discounts,,FFP,Frequent Flyer Program,Gold,,,P007,American,Holiday,,,Fall Holidays,,,,,15-Sep-20,31-Dec-20,,Air,AM,Americal Airways,Air,All,US,Individuals,All,,Gold,Social Media,,30
O0206,Celebrate Fall Sale 40,Accruals ,Discounts,Save 40%/night to all destinations,Social Media,1000,,Discounts,,FFP,Frequent Flyer Program,Platinum,,,P007,American,Holiday,,,Fall Holidays,,,,,15-Sep-20,31-Dec-20,,Air,AM,Americal Airways,Air,All,US,Individuals,All,,Platinum,Social Media,,40
O0207,35% off with Budget,Accruals ,Discounts,35% Off with Budget,"Loyalty  Portal, Mobile App",50,,Discounts,,FFP,Frequent Flyer Program,Bronze,,,P017,Budget,Holiday,,,Fall Holidays,,,,,15-Sep-20,31-Dec-20,,Non Air,BJT,Budget,Cab,All,US,All,All,,Bronze,"Loyalty  Portal, Mobile App",All,35
O0209,Earn10k miles every stay,,Points,"Book hotels and earn up to 10,000 miles per night on select properties.",Social Media,50,,Points,,FFP,Frequent Flyer Program,Bronze,,,P040,Marriot,,,,,,,,,15-Sep-20,31-Dec-20,,,MM,Marriot,Hotel,All,US,Individuals,All,,Bronze,Social Media,Married,
O0210,25%- Food & Bev,Accruals ,Discounts,Get 25% off on F&B,"Loyalty  Portal, Mobile App",50,,Discounts,,,Frequent Flyer Program,Bronze,,,P009,Ancillary-Food & Bev ,,,,,,Birthday,Anniversary,,15-Sep-20,31-Dec-20,,Air,AA,American Airways,Air,All,US,Individuals,All,,Bronze,"Loyalty  Portal, Mobile App",Married,25
O0211,25%  Food & Bev- Wine,Accruals ,Discounts,Get 25% off on F&B-Wine,"Loyalty  Portal, Mobile App",50,not for <18 years of age,Discounts,,,Frequent Flyer Program,Bronze,,,P070,wine,,,,,,Birthday,Anniversary,,02-Jan-20,31-Mar-20,,Air,AA,American Airways,Air,All,US,Individuals,All,,Bronze,"Loyalty  Portal, Mobile App",Married,25
O0213,25%  Baggage and excess baggage,Accruals ,Discounts,25$ discount on excess baggage,"Loyalty  Portal, Mobile App",50,,Discounts,,,Frequent Flyer Program,Bronze,,,P011,Baggage,,,,,,Birthday,Anniversary,,02-Jan-20,31-Mar-20,,Air,AA,American Airways,Air,All,US,Individuals,All,,Bronze,"Loyalty  Portal, Mobile App",Married,10
O0216,25%  Seats,Accruals ,Discounts,25% discount on Xleg Seats,"Loyalty  Portal, Mobile App",50,,Discounts,,,Frequent Flyer Program,Bronze,,,P056,Seats,,,,,,Birthday,Anniversary,,02-Jan-20,31-Mar-20,,Air,AA,American Airways,Air,All,US,Individuals,All,,Bronze,"Loyalty  Portal, Mobile App",Married,25
O0217,Early Bird 30,Accruals ,Discounts, à la carte - 30% discount on early boarding for Food & Wine,"Loyalty  Portal, Mobile App",50,,Discounts,,,Frequent Flyer Program,Bronze,,,P026,Early Boarding,,,,,,Birthday,Anniversary,,02-Jan-20,31-Mar-20,,Air,AA,American Airways,Air,All,US,Individuals,All,,Bronze,"Loyalty  Portal, Mobile App",Married,30
O0218,Marriot 30,Accruals ,Discounts,30% discount at Marriot,"Loyalty  Portal, Mobile App",50,,Discounts,,,Frequent Flyer Program,Bronze,,,P040,Marriot,,,,,,Birthday,Anniversary,,02-Jan-20,31-Mar-20,,Non Air,MM,Marriot,Hotel,All,US,Individuals,All,,Bronze,"Loyalty  Portal, Mobile App",Married,30
O0219,Uber 30,Accruals ,Discounts,30% discuount with Uber Cabs,"Loyalty  Portal, Mobile App",50,,Discounts,,,Frequent Flyer Program,Bronze,,,P066,Uber,,,,,,Birthday,Anniversary,,02-Jan-20,31-Mar-20,,Non Air,UU,Uber,Cab,All,US,Individuals,All,,Bronze,"Loyalty  Portal, Mobile App",Married,30
O0220,TI 30,Accruals ,Discounts,30% discount on Travel Insurance with TT insurance,"Loyalty  Portal, Mobile App",50,,Discounts,,,Frequent Flyer Program,Bronze,,,P065,TT Insurance,,,,,,Birthday,Anniversary,,02-Jan-20,31-Mar-20,,Non Air,TI,TT Insurance,Insurance,All,US,Individuals,All,,Bronze,"Loyalty  Portal, Mobile App",Married,30
O0221,Go Kido,,Offers,Avail 15% off for Kids Apparel at MAX:  Under 12 years,"Loyalty  Portal, Mobile App",50,not for 12 years and above,Offers,Kids Offers,KC,Kids Club,Bronze,,,P048,Oryx Cards Kids Club,All,,,,,,,,01-Jul-20,31-Oct-20,,Non Air,ORX,Oryx,Credit Card,< 12,US,Kids,All,,Bronze,"Loyalty  Portal, Mobile App",Single,
O0222,H&M Teddy Toys,,Offers,Avail 25% off for Kids Toys at H&M:  Under 12 years,"Loyalty  Portal, Mobile App",50,not for 12 years and above,Offers,Kids Offers,KC,Kids Club,Bronze,,,P048,Oryx Cards Kids Club,All,,,,,,,,01-Jul-20,31-Oct-20,,Non Air,ORX,Oryx,Credit Card,< 12,US,Kids,All,,Bronze,"Loyalty  Portal, Mobile App",Single,
O0223,Kids Lounge,,Offers,Lounge Offer for Kids. Get 10% discount with free goodies,"Loyalty  Portal, Mobile App",300,not for 12 years and above,Offers,Kids Offers,KC,Kids Club,Gold,,,P048,Oryx Cards Kids Club,All,,,,,Birthday,,,01-Sep-20,31-Dec-20,,Non Air,ORX,Oryx,Credit Card,< 12,US,Kids,All,,Gold,"Loyalty  Portal, Mobile App",Single,
O0224,Kids Snack Boxes 10,,Offers,All-new meal boxes filled with fun and nutritious food  in flight. Avail 10% off with Chase cards,"Loyalty  Portal, Mobile App",300,not for 12 years and above,Offers,Kids Offers,KC,Kids Club,Gold,,,P048,Oryx Cards Kids Club,All,,,,,Birthday,,,01-Oct-20,31-Dec-20,,Non Air,ORX,Oryx,Credit Card,< 12,US,Kids,All,,Gold,"Loyalty  Portal, Mobile App",Single,
O0225,Wherever Family 25,Accruals ,Discounts,25% off at THEWORKS,"Loyalty  Portal, Mobile App",300,not for below 18 years,Discounts,Kids Offers,KC,Kids Club,Gold,,,P048,Oryx Cards Kids Club,All,,,,,Birthday,,,01-Oct-20,31-Dec-20,,Non Air,ORX,Oryx,Credit Card,Dec-20,US,Kids,All,,Gold,"Loyalty  Portal, Mobile App",Single,25
O0226,DISNEY MOVIE REWARDS:,Accruals ,Discounts,25% discount for signing up for sign up for the Disney movie loyalty cards,"Loyalty  Portal, Mobile App, Email",300,Under 18,Discounts,Kids Offers,KC,Kids Club,Gold,,,P048,Oryx Cards Kids Club,All,,,,,Birthday,,,01-Oct-20,31-Dec-20,,Non Air,ORX,Oryx,Credit Card,Dec-20,US,Kids,All,,Gold,"Loyalty  Portal, Mobile App",Single,25
O0227,GAME & MORE,Accruals ,Discounts,20% Off for every game that you buy,"Loyalty  Portal, Mobile App",300,not for below 12 years ,Discounts,Kids Offers,KC,Kids Club,Gold,,,P048,Oryx Cards Kids Club,All,,,,,Birthday,,,01-Oct-20,31-Dec-20,,Non Air,ORX,Oryx,Credit Card,Dec-20,US,Kids,All,,Gold,"Loyalty  Portal, Mobile App",Single,20
O0228,HARRODS REWARDS:,Accruals ,Discounts,30% Discount for newborn baby essentials – everything from clothing to gift sets at Harrods,"Loyalty  Portal, Mobile App",300,not for above 5 years,Discounts,Kids Offers,KC,Kids Club,Gold,,,P048,Oryx Cards Kids Club,All,,,,,Birthday,,,01-Oct-20,31-Dec-20,,Non Air,ORX,Oryx,Credit Card,< 5,US,Kids,All,,Gold,"Loyalty  Portal, Mobile App",Single,30
O0229,SeniorFirst Winter 2020,Accruals ,Discounts,Guests' age 65 and older are eligible for  10% discount for select Hotel rooms.,"Loyalty  Portal, Mobile App",300,Not for below 55 years,Discounts,Senior Citizens Offers,SCO,Frequent Flyer Program,Gold,,,P057,Senior Citizens Discounts,Winter,,,,,Birthday,,,01-Sep-20,31-Dec-20,,Non Air,MM,Marriot,Hotel,Above 65,US,Senior Citizens,All,,Gold,"Loyalty  Portal, Mobile App",Married,10
O0230,SeniorLadies Winter2020,Accruals ,Discounts,Guests' age 65 and older are eligible for  30% discount for select Hotel rooms.,"Loyalty  Portal, Mobile App",300,Not for below 55 years,Discounts,Senior Citizens Offers,SCO,Frequent Flyer Program,Gold,,,P057,Senior Citizens Discounts,Winter,,,,,Birthday,,,01-Sep-20,31-Dec-20,,Non Air,MM,Marriot,Hotel,Above 65,US,Senior Citizens,F,,Gold,"Loyalty  Portal, Mobile App",All,30
O0231,SeniorGoRelax Winter2020,Accruals ,Discounts,Guests' age 65 and older are eligible for  30% discount for select Hotel rooms and Uber Cabs,"Loyalty  Portal, Mobile App",300,Not for below 55 years,Discounts,Senior Citizens Offers,SCO,Frequent Flyer Program,Gold,,,P057,Senior Citizens Discounts,Winter,,,,,Birthday,,,01-Sep-20,31-Dec-20,,Non Air,MM,Marriot,Hotel,Above 65,US,Senior Citizens,All,,Gold,"Loyalty  Portal, Mobile App",Married,30
O0232,Go Kido 10,,Offers,Loyalty Offer - 10% off exclusively for Kids Apparel and Toys,"Loyalty  Portal, Mobile App, Email",50,not for 12 years and above,Offers,Kids Offers,KC,Kids Club,Bronze,,,P048,Oryx Cards Kids Club,All,,,,,,,,02-Jan-20,31-Mar-20,,Non Air,ORX,Oryx,Credit Card,< 12,US,Kids,All,,Bronze,Web,Single,
O0233,Kids Corner Exclusive,,Offers,Loyalty Offer - 20% off exclusively for Kids Apparel and Toys,"Loyalty  Portal, Mobile App, Email",50,not for 12 years and above,Offers,Kids Offers,KC,Kids Club,Bronze,,,P048,Oryx Cards Kids Club,All,,,,,,,,02-Jan-20,31-Mar-20,,Non Air,ORX,Oryx,Credit Card,< 12,US,Kids,All,,Bronze,Web,Single,
O0235,Kids Lounge,,Offers,Lounge Offer for Kids - Free Goodies. ,Web,300,not for 12 years and above,Offers,Kids Offers,KC,Kids Club,Gold,,,P048,Oryx Cards Kids Club,All,,,,,Birthday,,,02-Jan-20,31-Mar-20,,Non Air,ORX,Oryx,Credit Card,< 12,US,Kids,All,,Gold,Web,Single,
O0236,Kids Snack Boxes,,Offers,Free meal boxes filled with fun and nutritious food while in flight. Gold Tier members,web,300,not for 12 years and above,Offers,Kids Offers,KC,Kids Club,Gold,,,P048,Oryx Cards Kids Club,All,,,,,Birthday,,,01-Mar-20,31-Jul-20,,Non Air,ORX,Oryx,Credit Card,< 12,US,Kids,All,,Gold,web,Single,
O0237,HARRODS REWARDS:,Accruals ,Discounts,20% Discount for newborn baby essentials – everything from clothing to gift sets at Harrods,web,300,not for above 5 years,Discounts,Kids Offers,KC,Kids Club,Gold,,,P048,Oryx Cards Kids Club,All,,,,,Birthday,,,01-Mar-20,31-Jul-20,,Non Air,ORX,Oryx,Credit Card,< 5,US,Kids,All,,Gold,web,Single,20
O0238,HAMLEYS REWARDS:,Accruals ,Discounts,20% Discount for Toys and Kids Sports equipments,web,300,not for above 5 years,Discounts,Kids Offers,KC,Kids Club,Gold,,,P048,Oryx Cards Kids Club,All,,,,,Birthday,,,01-Mar-20,31-Jul-20,,Non Air,ORX,Oryx,Credit Card,< 5,US,Kids,All,,Gold,web,Single,20
O0239,Kidos  ,Accruals ,Discounts,20% Discount for newborn baby essentials at MAX,web,300,not for above 5 years,Discounts,Kids Offers,KC,Kids Club,Gold,,,P048,Oryx Cards Kids Club,All,,,,,Birthday,,,01-Mar-20,31-Jul-20,,Non Air,ORX,Oryx,Credit Card,< 5,US,Kids,All,,Gold,web,Single,20
O0240,NidoKidos,Accruals ,Discounts,20% Discount for newborn baby essentials – everything from clothing to gift sets at Nidokidos Stores,web,300,not for above 5 years,Discounts,Kids Offers,KC,Kids Club,Gold,,,P048,Oryx Cards Kids Club,All,,,,,Birthday,,,01-Mar-20,31-Jul-20,,Non Air,ORX,Oryx,Credit Card,< 5,US,Kids,All,,Gold,web,Single,20
O0153,15% off on Sports,,Discounts,15% off on Sports,"mobile App, SMS,Email",,Discounts,,,,,,,,P029,EZIBUY.COM,,,,,,,,,01-Jan-20,31-Mar-20,,,,,,,,,,,,,All,15
O0158,Shop for $100 and get free shipping!!,,Promotions,Shop for $100 and get free shipping!!,"mobile App, SMS,Email",,Promotions,,,,,,,,P015,BOOK DEPOSITORY,,,,,,,,,01-Jan-20,31-Mar-20,,,,,,,,,,,,,All,
O0166,Sign up and get 10% off on next purchase. Expiry : 31/01/2021,,Discounts,Sign up and get 10% off on next purchase. Expiry : 31/01/2021,"mobile App, SMS,Email",,Promotions,,,,,,,,P039,MARKS & SPENCER,,,,,,,,,01-Jan-20,31-Mar-20,,,,,,,,,,,,,All,10
O0187,20% off on Kids! Expiry : 31/12/2021,,Discounts,20% off on Kids! Expiry : 31/12/2021,"mobile App, SMS,Email",,Discounts,,,,,,,,P031,HALLENSTEN BROTHERS,,,,,,,,,01-Jan-20,31-Mar-20,,,,,,,,,,,,,All,20
O0190,enjoy 10% off with delightful Chinese cuisine in a fascinating ambience,,Discounts,enjoy 10% off with delightful Chinese cuisine in a fascinating ambience,"mobile App, SMS,Email",,Discounts,,,,,,,,P037,LUGGAGE.CO.NZ,,,,,,,,,01-Jan-20,31-Mar-20,,,,,,,,,,,,,All,10
O0196,10% off on Purchase $100 or more,,Discounts,10% off on Purchase $100 or more,"mobile App, SMS,Email",,Discounts,,,,,,,,P062,THE ICONIC,,,,,,,,,01-Jan-20,31-Mar-20,,,,,,,,,,,Bronze,,All,10
O0208,15% off on Purchase of $100 or more. Expires 31/12/2020,,Discounts,15% off on Purchase of $100 or more. Expires 31/12/2020,"mobile App, SMS,Email",,Dicsounts,,,,,,,,P016,BOOKTOPIA,,,,,,,,,01-Jan-20,31-Mar-20,,,,,,,,,,,Silver,,All,15
O0212,SALE SALE SALE. Expires 31/12/2020,,Discounts,SALE SALE SALE. Expires 31/12/2020,"mobile App, SMS,Email",,Dicsounts,,,,,,,,P047,ONCE.IT,,,,,,,,,01-Jan-20,31-Mar-20,,,,,,,,,,,Silver,,All,10
O0214,Get 10% off sitewide. Use code FL10D. Expires 31/12/2020,,Discounts,Get 10% off sitewide. Use code FL10D. Expires 31/12/2020,"mobile App, SMS,Email",,Discounts,,,,,,,,P014,BOOHOO,,,,,,,,,01-Jan-20,31-Mar-20,,,,,,,,,,,Gold,,All,10
O0215,20% off on Purchase $500 or more,,Discounts,20% off on Purchase $500 or more,"mobile App, SMS,Email",,Discounts,,,,,,,,P010,ASOS,,,,,,,,,01-Jan-20,31-Mar-20,,,,,,,,,,,Gold,,All,20
O0234,30% off on Purchase $1000 or more,,Discounts,30% off on Purchase $1000 or more,"mobile App, SMS,Email",,Discounts,,,,,,,,P030,GLASSONS,,,,,,,,,01-Jan-20,31-Mar-20,,,,,,,,,,,Platinum,,All,30
